nom,prenom,email,groupe
Bennani,Mohammed,mohammed.bennani1@etu.uae.ac.ma,GP_GCI
Tazi,Mohammed,mohammed.tazi2@etu.uae.ac.ma,GP_GCI
Idrissi,Mohammed,mohammed.idrissi3@etu.uae.ac.ma,GP_GCI
Kettani,Mohammed,mohammed.kettani4@etu.uae.ac.ma,GP_GCI
Amrani,Mohammed,mohammed.amrani5@etu.uae.ac.ma,GP_GCI
Chraibi,Mohammed,mohammed.chraibi6@etu.uae.ac.ma,GP_GCI
Fassi,Mohammed,mohammed.fassi7@etu.uae.ac.ma,GP_GCI
Benjelloun,Mohammed,mohammed.benjelloun8@etu.uae.ac.ma,GP_GCI
Sefrioui,Mohammed,mohammed.sefrioui9@etu.uae.ac.ma,GP_GCI
Badri,Mohammed,mohammed.badri10@etu.uae.ac.ma,GP_GCI
Zahraoui,Mohammed,mohammed.zahraoui11@etu.uae.ac.ma,GP_GCI
Cherkaoui,Mohammed,mohammed.cherkaoui12@etu.uae.ac.ma,GP_GCI
Mansouri,Mohammed,mohammed.mansouri13@etu.uae.ac.ma,GP_GCI
Tounsi,Mohammed,mohammed.tounsi14@etu.uae.ac.ma,GP_GCI
Hajji,Mohammed,mohammed.hajji15@etu.uae.ac.ma,GP_GCI
Lahlou,Mohammed,mohammed.lahlou16@etu.uae.ac.ma,GP_GCI
Bouzidi,Mohammed,mohammed.bouzidi17@etu.uae.ac.ma,GP_GCI
Haddaoui,Mohammed,mohammed.haddaoui18@etu.uae.ac.ma,GP_GCI
Naji,Mohammed,mohammed.naji19@etu.uae.ac.ma,GP_GCI
Moussaoui,Mohammed,mohammed.moussaoui20@etu.uae.ac.ma,GP_GCI
Berrada,Mohammed,mohammed.berrada21@etu.uae.ac.ma,GP_GCI
Filali,Mohammed,mohammed.filali22@etu.uae.ac.ma,GP_GCI
Kadiri,Mohammed,mohammed.kadiri23@etu.uae.ac.ma,GP_GCI
Ouazzani,Mohammed,mohammed.ouazzani24@etu.uae.ac.ma,GP_GCI
Senhaji,Mohammed,mohammed.senhaji25@etu.uae.ac.ma,GP_GCI
Benkirane,Mohammed,mohammed.benkirane26@etu.uae.ac.ma,GP_GCI
Tahiri,Mohammed,mohammed.tahiri27@etu.uae.ac.ma,GP_GCI
Kabbaj,Mohammed,mohammed.kabbaj28@etu.uae.ac.ma,GP_GCI
Bennai,Mohammed,mohammed.bennai29@etu.uae.ac.ma,GP_GCI
Alami,Fatima,fatima.alami30@etu.uae.ac.ma,GP_GCI
Bennani,Fatima,fatima.bennani31@etu.uae.ac.ma,GP_GCI
Tazi,Fatima,fatima.tazi32@etu.uae.ac.ma,GP_GCI
Idrissi,Fatima,fatima.idrissi33@etu.uae.ac.ma,GP_GCI
Kettani,Fatima,fatima.kettani34@etu.uae.ac.ma,GP_GCI
Amrani,Fatima,fatima.amrani35@etu.uae.ac.ma,GP_GCI
Chraibi,Fatima,fatima.chraibi36@etu.uae.ac.ma,GP_GCI
Fassi,Fatima,fatima.fassi37@etu.uae.ac.ma,GP_GCI
Benjelloun,Fatima,fatima.benjelloun38@etu.uae.ac.ma,GP_GCI
Sefrioui,Fatima,fatima.sefrioui39@etu.uae.ac.ma,GP_GCI
Badri,Fatima,fatima.badri40@etu.uae.ac.ma,GP_GCI
Zahraoui,Fatima,fatima.zahraoui41@etu.uae.ac.ma,GP_GCI
Cherkaoui,Fatima,fatima.cherkaoui42@etu.uae.ac.ma,GP_GCI
Mansouri,Fatima,fatima.mansouri43@etu.uae.ac.ma,GP_GCI
Tounsi,Fatima,fatima.tounsi44@etu.uae.ac.ma,GP_GCI
Hajji,Fatima,fatima.hajji45@etu.uae.ac.ma,GP_GCI
Lahlou,Fatima,fatima.lahlou46@etu.uae.ac.ma,GP_GCI
Bouzidi,Fatima,fatima.bouzidi47@etu.uae.ac.ma,GP_GCI
Haddaoui,Fatima,fatima.haddaoui48@etu.uae.ac.ma,GP_GCI
Naji,Fatima,fatima.naji49@etu.uae.ac.ma,GP_GCI
Moussaoui,Fatima,fatima.moussaoui50@etu.uae.ac.ma,GP_GCI
Berrada,Fatima,fatima.berrada51@etu.uae.ac.ma,Gr_GCI_1
Filali,Fatima,fatima.filali52@etu.uae.ac.ma,Gr_GCI_1
Kadiri,Fatima,fatima.kadiri53@etu.uae.ac.ma,Gr_GCI_1
Ouazzani,Fatima,fatima.ouazzani54@etu.uae.ac.ma,Gr_GCI_1
Senhaji,Fatima,fatima.senhaji55@etu.uae.ac.ma,Gr_GCI_1
Benkirane,Fatima,fatima.benkirane56@etu.uae.ac.ma,Gr_GCI_1
Tahiri,Fatima,fatima.tahiri57@etu.uae.ac.ma,Gr_GCI_1
Kabbaj,Fatima,fatima.kabbaj58@etu.uae.ac.ma,Gr_GCI_1
Bennai,Fatima,fatima.bennai59@etu.uae.ac.ma,Gr_GCI_1
Alami,Ahmed,ahmed.alami60@etu.uae.ac.ma,Gr_GCI_1
Bennani,Ahmed,ahmed.bennani61@etu.uae.ac.ma,Gr_GCI_1
Tazi,Ahmed,ahmed.tazi62@etu.uae.ac.ma,Gr_GCI_1
Idrissi,Ahmed,ahmed.idrissi63@etu.uae.ac.ma,Gr_GCI_1
Kettani,Ahmed,ahmed.kettani64@etu.uae.ac.ma,Gr_GCI_1
Amrani,Ahmed,ahmed.amrani65@etu.uae.ac.ma,Gr_GCI_1
Chraibi,Ahmed,ahmed.chraibi66@etu.uae.ac.ma,Gr_GCI_1
Fassi,Ahmed,ahmed.fassi67@etu.uae.ac.ma,Gr_GCI_1
Benjelloun,Ahmed,ahmed.benjelloun68@etu.uae.ac.ma,Gr_GCI_1
Sefrioui,Ahmed,ahmed.sefrioui69@etu.uae.ac.ma,Gr_GCI_1
Badri,Ahmed,ahmed.badri70@etu.uae.ac.ma,Gr_GCI_1
Zahraoui,Ahmed,ahmed.zahraoui71@etu.uae.ac.ma,Gr_GCI_1
Cherkaoui,Ahmed,ahmed.cherkaoui72@etu.uae.ac.ma,Gr_GCI_1
Mansouri,Ahmed,ahmed.mansouri73@etu.uae.ac.ma,Gr_GCI_1
Tounsi,Ahmed,ahmed.tounsi74@etu.uae.ac.ma,Gr_GCI_1
Hajji,Ahmed,ahmed.hajji75@etu.uae.ac.ma,Gr_GCI_1
Lahlou,Ahmed,ahmed.lahlou76@etu.uae.ac.ma,Gr_GCI_2
Bouzidi,Ahmed,ahmed.bouzidi77@etu.uae.ac.ma,Gr_GCI_2
Haddaoui,Ahmed,ahmed.haddaoui78@etu.uae.ac.ma,Gr_GCI_2
Naji,Ahmed,ahmed.naji79@etu.uae.ac.ma,Gr_GCI_2
Moussaoui,Ahmed,ahmed.moussaoui80@etu.uae.ac.ma,Gr_GCI_2
Berrada,Ahmed,ahmed.berrada81@etu.uae.ac.ma,Gr_GCI_2
Filali,Ahmed,ahmed.filali82@etu.uae.ac.ma,Gr_GCI_2
Kadiri,Ahmed,ahmed.kadiri83@etu.uae.ac.ma,Gr_GCI_2
Ouazzani,Ahmed,ahmed.ouazzani84@etu.uae.ac.ma,Gr_GCI_2
Senhaji,Ahmed,ahmed.senhaji85@etu.uae.ac.ma,Gr_GCI_2
Benkirane,Ahmed,ahmed.benkirane86@etu.uae.ac.ma,Gr_GCI_2
Tahiri,Ahmed,ahmed.tahiri87@etu.uae.ac.ma,Gr_GCI_2
Kabbaj,Ahmed,ahmed.kabbaj88@etu.uae.ac.ma,Gr_GCI_2
Bennai,Ahmed,ahmed.bennai89@etu.uae.ac.ma,Gr_GCI_2
Alami,Sara,sara.alami90@etu.uae.ac.ma,Gr_GCI_2
Bennani,Sara,sara.bennani91@etu.uae.ac.ma,Gr_GCI_2
Tazi,Sara,sara.tazi92@etu.uae.ac.ma,Gr_GCI_2
Idrissi,Sara,sara.idrissi93@etu.uae.ac.ma,Gr_GCI_2
Kettani,Sara,sara.kettani94@etu.uae.ac.ma,Gr_GCI_2
Amrani,Sara,sara.amrani95@etu.uae.ac.ma,Gr_GCI_2
Chraibi,Sara,sara.chraibi96@etu.uae.ac.ma,Gr_GCI_2
Fassi,Sara,sara.fassi97@etu.uae.ac.ma,Gr_GCI_2
Benjelloun,Sara,sara.benjelloun98@etu.uae.ac.ma,Gr_GCI_2
Sefrioui,Sara,sara.sefrioui99@etu.uae.ac.ma,Gr_GCI_2
Badri,Sara,sara.badri100@etu.uae.ac.ma,Gr_GCI_2
Zahraoui,Sara,sara.zahraoui101@etu.uae.ac.ma,GP_ENR
Cherkaoui,Sara,sara.cherkaoui102@etu.uae.ac.ma,GP_ENR
Mansouri,Sara,sara.mansouri103@etu.uae.ac.ma,GP_ENR
Tounsi,Sara,sara.tounsi104@etu.uae.ac.ma,GP_ENR
Hajji,Sara,sara.hajji105@etu.uae.ac.ma,GP_ENR
Lahlou,Sara,sara.lahlou106@etu.uae.ac.ma,GP_ENR
Bouzidi,Sara,sara.bouzidi107@etu.uae.ac.ma,GP_ENR
Haddaoui,Sara,sara.haddaoui108@etu.uae.ac.ma,GP_ENR
Naji,Sara,sara.naji109@etu.uae.ac.ma,GP_ENR
Moussaoui,Sara,sara.moussaoui110@etu.uae.ac.ma,GP_ENR
Berrada,Sara,sara.berrada111@etu.uae.ac.ma,GP_ENR
Filali,Sara,sara.filali112@etu.uae.ac.ma,GP_ENR
Kadiri,Sara,sara.kadiri113@etu.uae.ac.ma,GP_ENR
Ouazzani,Sara,sara.ouazzani114@etu.uae.ac.ma,GP_ENR
Senhaji,Sara,sara.senhaji115@etu.uae.ac.ma,GP_ENR
Benkirane,Sara,sara.benkirane116@etu.uae.ac.ma,GP_ENR
Tahiri,Sara,sara.tahiri117@etu.uae.ac.ma,GP_ENR
Kabbaj,Sara,sara.kabbaj118@etu.uae.ac.ma,GP_ENR
Bennai,Sara,sara.bennai119@etu.uae.ac.ma,GP_ENR
Alami,Karim,karim.alami120@etu.uae.ac.ma,GP_ENR
Bennani,Karim,karim.bennani121@etu.uae.ac.ma,GP_ENR
Tazi,Karim,karim.tazi122@etu.uae.ac.ma,GP_ENR
Idrissi,Karim,karim.idrissi123@etu.uae.ac.ma,GP_ENR
Kettani,Karim,karim.kettani124@etu.uae.ac.ma,GP_ENR
Amrani,Karim,karim.amrani125@etu.uae.ac.ma,GP_ENR
Chraibi,Karim,karim.chraibi126@etu.uae.ac.ma,GP_ENR
Fassi,Karim,karim.fassi127@etu.uae.ac.ma,GP_ENR
Benjelloun,Karim,karim.benjelloun128@etu.uae.ac.ma,GP_ENR
Sefrioui,Karim,karim.sefrioui129@etu.uae.ac.ma,GP_ENR
Badri,Karim,karim.badri130@etu.uae.ac.ma,GP_ENR
Zahraoui,Karim,karim.zahraoui131@etu.uae.ac.ma,GP_ENR
Cherkaoui,Karim,karim.cherkaoui132@etu.uae.ac.ma,GP_ENR
Mansouri,Karim,karim.mansouri133@etu.uae.ac.ma,GP_ENR
Tounsi,Karim,karim.tounsi134@etu.uae.ac.ma,GP_ENR
Hajji,Karim,karim.hajji135@etu.uae.ac.ma,GP_ENR
Lahlou,Karim,karim.lahlou136@etu.uae.ac.ma,GP_ENR
Bouzidi,Karim,karim.bouzidi137@etu.uae.ac.ma,GP_ENR
Haddaoui,Karim,karim.haddaoui138@etu.uae.ac.ma,GP_ENR
Naji,Karim,karim.naji139@etu.uae.ac.ma,GP_ENR
Moussaoui,Karim,karim.moussaoui140@etu.uae.ac.ma,GP_ENR
Berrada,Karim,karim.berrada141@etu.uae.ac.ma,GP_ENR
Filali,Karim,karim.filali142@etu.uae.ac.ma,GP_ENR
Kadiri,Karim,karim.kadiri143@etu.uae.ac.ma,GP_ENR
Ouazzani,Karim,karim.ouazzani144@etu.uae.ac.ma,GP_ENR
Senhaji,Karim,karim.senhaji145@etu.uae.ac.ma,GP_ENR
Benkirane,Karim,karim.benkirane146@etu.uae.ac.ma,GP_ENR
Tahiri,Karim,karim.tahiri147@etu.uae.ac.ma,GP_ENR
Kabbaj,Karim,karim.kabbaj148@etu.uae.ac.ma,GP_ENR
Bennai,Karim,karim.bennai149@etu.uae.ac.ma,GP_ENR
Alami,Youssef,youssef.alami150@etu.uae.ac.ma,GP_ENR
Bennani,Youssef,youssef.bennani151@etu.uae.ac.ma,Gr_ENR_1
Tazi,Youssef,youssef.tazi152@etu.uae.ac.ma,Gr_ENR_1
Idrissi,Youssef,youssef.idrissi153@etu.uae.ac.ma,Gr_ENR_1
Kettani,Youssef,youssef.kettani154@etu.uae.ac.ma,Gr_ENR_1
Amrani,Youssef,youssef.amrani155@etu.uae.ac.ma,Gr_ENR_1
Chraibi,Youssef,youssef.chraibi156@etu.uae.ac.ma,Gr_ENR_1
Fassi,Youssef,youssef.fassi157@etu.uae.ac.ma,Gr_ENR_1
Benjelloun,Youssef,youssef.benjelloun158@etu.uae.ac.ma,Gr_ENR_1
Sefrioui,Youssef,youssef.sefrioui159@etu.uae.ac.ma,Gr_ENR_1
Badri,Youssef,youssef.badri160@etu.uae.ac.ma,Gr_ENR_1
Zahraoui,Youssef,youssef.zahraoui161@etu.uae.ac.ma,Gr_ENR_1
Cherkaoui,Youssef,youssef.cherkaoui162@etu.uae.ac.ma,Gr_ENR_1
Mansouri,Youssef,youssef.mansouri163@etu.uae.ac.ma,Gr_ENR_1
Tounsi,Youssef,youssef.tounsi164@etu.uae.ac.ma,Gr_ENR_1
Hajji,Youssef,youssef.hajji165@etu.uae.ac.ma,Gr_ENR_1
Lahlou,Youssef,youssef.lahlou166@etu.uae.ac.ma,Gr_ENR_1
Bouzidi,Youssef,youssef.bouzidi167@etu.uae.ac.ma,Gr_ENR_1
Haddaoui,Youssef,youssef.haddaoui168@etu.uae.ac.ma,Gr_ENR_1
Naji,Youssef,youssef.naji169@etu.uae.ac.ma,Gr_ENR_1
Moussaoui,Youssef,youssef.moussaoui170@etu.uae.ac.ma,Gr_ENR_1
Berrada,Youssef,youssef.berrada171@etu.uae.ac.ma,Gr_ENR_1
Filali,Youssef,youssef.filali172@etu.uae.ac.ma,Gr_ENR_1
Kadiri,Youssef,youssef.kadiri173@etu.uae.ac.ma,Gr_ENR_1
Ouazzani,Youssef,youssef.ouazzani174@etu.uae.ac.ma,Gr_ENR_1
Senhaji,Youssef,youssef.senhaji175@etu.uae.ac.ma,Gr_ENR_1
Benkirane,Youssef,youssef.benkirane176@etu.uae.ac.ma,Gr_ENR_2
Tahiri,Youssef,youssef.tahiri177@etu.uae.ac.ma,Gr_ENR_2
Kabbaj,Youssef,youssef.kabbaj178@etu.uae.ac.ma,Gr_ENR_2
Bennai,Youssef,youssef.bennai179@etu.uae.ac.ma,Gr_ENR_2
Alami,Laila,laila.alami180@etu.uae.ac.ma,Gr_ENR_2
Bennani,Laila,laila.bennani181@etu.uae.ac.ma,Gr_ENR_2
Tazi,Laila,laila.tazi182@etu.uae.ac.ma,Gr_ENR_2
Idrissi,Laila,laila.idrissi183@etu.uae.ac.ma,Gr_ENR_2
Kettani,Laila,laila.kettani184@etu.uae.ac.ma,Gr_ENR_2
Amrani,Laila,laila.amrani185@etu.uae.ac.ma,Gr_ENR_2
Chraibi,Laila,laila.chraibi186@etu.uae.ac.ma,Gr_ENR_2
Fassi,Laila,laila.fassi187@etu.uae.ac.ma,Gr_ENR_2
Benjelloun,Laila,laila.benjelloun188@etu.uae.ac.ma,Gr_ENR_2
Sefrioui,Laila,laila.sefrioui189@etu.uae.ac.ma,Gr_ENR_2
Badri,Laila,laila.badri190@etu.uae.ac.ma,Gr_ENR_2
Zahraoui,Laila,laila.zahraoui191@etu.uae.ac.ma,Gr_ENR_2
Cherkaoui,Laila,laila.cherkaoui192@etu.uae.ac.ma,Gr_ENR_2
Mansouri,Laila,laila.mansouri193@etu.uae.ac.ma,Gr_ENR_2
Tounsi,Laila,laila.tounsi194@etu.uae.ac.ma,Gr_ENR_2
Hajji,Laila,laila.hajji195@etu.uae.ac.ma,Gr_ENR_2
Lahlou,Laila,laila.lahlou196@etu.uae.ac.ma,Gr_ENR_2
Bouzidi,Laila,laila.bouzidi197@etu.uae.ac.ma,Gr_ENR_2
Haddaoui,Laila,laila.haddaoui198@etu.uae.ac.ma,Gr_ENR_2
Naji,Laila,laila.naji199@etu.uae.ac.ma,Gr_ENR_2
Moussaoui,Laila,laila.moussaoui200@etu.uae.ac.ma,Gr_ENR_2
Berrada,Laila,laila.berrada201@etu.uae.ac.ma,GP_ADO
Filali,Laila,laila.filali202@etu.uae.ac.ma,GP_ADO
Kadiri,Laila,laila.kadiri203@etu.uae.ac.ma,GP_ADO
Ouazzani,Laila,laila.ouazzani204@etu.uae.ac.ma,GP_ADO
Senhaji,Laila,laila.senhaji205@etu.uae.ac.ma,GP_ADO
Benkirane,Laila,laila.benkirane206@etu.uae.ac.ma,GP_ADO
Tahiri,Laila,laila.tahiri207@etu.uae.ac.ma,GP_ADO
Kabbaj,Laila,laila.kabbaj208@etu.uae.ac.ma,GP_ADO
Bennai,Laila,laila.bennai209@etu.uae.ac.ma,GP_ADO
Alami,Omar,omar.alami210@etu.uae.ac.ma,GP_ADO
Bennani,Omar,omar.bennani211@etu.uae.ac.ma,GP_ADO
Tazi,Omar,omar.tazi212@etu.uae.ac.ma,GP_ADO
Idrissi,Omar,omar.idrissi213@etu.uae.ac.ma,GP_ADO
Kettani,Omar,omar.kettani214@etu.uae.ac.ma,GP_ADO
Amrani,Omar,omar.amrani215@etu.uae.ac.ma,GP_ADO
Chraibi,Omar,omar.chraibi216@etu.uae.ac.ma,GP_ADO
Fassi,Omar,omar.fassi217@etu.uae.ac.ma,GP_ADO
Benjelloun,Omar,omar.benjelloun218@etu.uae.ac.ma,GP_ADO
Sefrioui,Omar,omar.sefrioui219@etu.uae.ac.ma,GP_ADO
Badri,Omar,omar.badri220@etu.uae.ac.ma,GP_ADO
Zahraoui,Omar,omar.zahraoui221@etu.uae.ac.ma,GP_ADO
Cherkaoui,Omar,omar.cherkaoui222@etu.uae.ac.ma,GP_ADO
Mansouri,Omar,omar.mansouri223@etu.uae.ac.ma,GP_ADO
Tounsi,Omar,omar.tounsi224@etu.uae.ac.ma,GP_ADO
Hajji,Omar,omar.hajji225@etu.uae.ac.ma,GP_ADO
Lahlou,Omar,omar.lahlou226@etu.uae.ac.ma,GP_ADO
Bouzidi,Omar,omar.bouzidi227@etu.uae.ac.ma,GP_ADO
Haddaoui,Omar,omar.haddaoui228@etu.uae.ac.ma,GP_ADO
Naji,Omar,omar.naji229@etu.uae.ac.ma,GP_ADO
Moussaoui,Omar,omar.moussaoui230@etu.uae.ac.ma,GP_ADO
Berrada,Omar,omar.berrada231@etu.uae.ac.ma,GP_ADO
Filali,Omar,omar.filali232@etu.uae.ac.ma,GP_ADO
Kadiri,Omar,omar.kadiri233@etu.uae.ac.ma,GP_ADO
Ouazzani,Omar,omar.ouazzani234@etu.uae.ac.ma,GP_ADO
Senhaji,Omar,omar.senhaji235@etu.uae.ac.ma,GP_ADO
Benkirane,Omar,omar.benkirane236@etu.uae.ac.ma,GP_ADO
Tahiri,Omar,omar.tahiri237@etu.uae.ac.ma,GP_ADO
Kabbaj,Omar,omar.kabbaj238@etu.uae.ac.ma,GP_ADO
Bennai,Omar,omar.bennai239@etu.uae.ac.ma,GP_ADO
Alami,Nadia,nadia.alami240@etu.uae.ac.ma,GP_ADO
Bennani,Nadia,nadia.bennani241@etu.uae.ac.ma,GP_ADO
Tazi,Nadia,nadia.tazi242@etu.uae.ac.ma,GP_ADO
Idrissi,Nadia,nadia.idrissi243@etu.uae.ac.ma,GP_ADO
Kettani,Nadia,nadia.kettani244@etu.uae.ac.ma,GP_ADO
Amrani,Nadia,nadia.amrani245@etu.uae.ac.ma,GP_ADO
Chraibi,Nadia,nadia.chraibi246@etu.uae.ac.ma,GP_ADO
Fassi,Nadia,nadia.fassi247@etu.uae.ac.ma,GP_ADO
Benjelloun,Nadia,nadia.benjelloun248@etu.uae.ac.ma,GP_ADO
Sefrioui,Nadia,nadia.sefrioui249@etu.uae.ac.ma,GP_ADO
Badri,Nadia,nadia.badri250@etu.uae.ac.ma,GP_ADO
Zahraoui,Nadia,nadia.zahraoui251@etu.uae.ac.ma,Gr_ADO_1
Cherkaoui,Nadia,nadia.cherkaoui252@etu.uae.ac.ma,Gr_ADO_1
Mansouri,Nadia,nadia.mansouri253@etu.uae.ac.ma,Gr_ADO_1
Tounsi,Nadia,nadia.tounsi254@etu.uae.ac.ma,Gr_ADO_1
Hajji,Nadia,nadia.hajji255@etu.uae.ac.ma,Gr_ADO_1
Lahlou,Nadia,nadia.lahlou256@etu.uae.ac.ma,Gr_ADO_1
Bouzidi,Nadia,nadia.bouzidi257@etu.uae.ac.ma,Gr_ADO_1
Haddaoui,Nadia,nadia.haddaoui258@etu.uae.ac.ma,Gr_ADO_1
Naji,Nadia,nadia.naji259@etu.uae.ac.ma,Gr_ADO_1
Moussaoui,Nadia,nadia.moussaoui260@etu.uae.ac.ma,Gr_ADO_1
Berrada,Nadia,nadia.berrada261@etu.uae.ac.ma,Gr_ADO_1
Filali,Nadia,nadia.filali262@etu.uae.ac.ma,Gr_ADO_1
Kadiri,Nadia,nadia.kadiri263@etu.uae.ac.ma,Gr_ADO_1
Ouazzani,Nadia,nadia.ouazzani264@etu.uae.ac.ma,Gr_ADO_1
Senhaji,Nadia,nadia.senhaji265@etu.uae.ac.ma,Gr_ADO_1
Benkirane,Nadia,nadia.benkirane266@etu.uae.ac.ma,Gr_ADO_1
Tahiri,Nadia,nadia.tahiri267@etu.uae.ac.ma,Gr_ADO_1
Kabbaj,Nadia,nadia.kabbaj268@etu.uae.ac.ma,Gr_ADO_1
Bennai,Nadia,nadia.bennai269@etu.uae.ac.ma,Gr_ADO_1
Alami,Hassan,hassan.alami270@etu.uae.ac.ma,Gr_ADO_1
Bennani,Hassan,hassan.bennani271@etu.uae.ac.ma,Gr_ADO_1
Tazi,Hassan,hassan.tazi272@etu.uae.ac.ma,Gr_ADO_1
Idrissi,Hassan,hassan.idrissi273@etu.uae.ac.ma,Gr_ADO_1
Kettani,Hassan,hassan.kettani274@etu.uae.ac.ma,Gr_ADO_1
Amrani,Hassan,hassan.amrani275@etu.uae.ac.ma,Gr_ADO_1
Chraibi,Hassan,hassan.chraibi276@etu.uae.ac.ma,Gr_ADO_2
Fassi,Hassan,hassan.fassi277@etu.uae.ac.ma,Gr_ADO_2
Benjelloun,Hassan,hassan.benjelloun278@etu.uae.ac.ma,Gr_ADO_2
Sefrioui,Hassan,hassan.sefrioui279@etu.uae.ac.ma,Gr_ADO_2
Badri,Hassan,hassan.badri280@etu.uae.ac.ma,Gr_ADO_2
Zahraoui,Hassan,hassan.zahraoui281@etu.uae.ac.ma,Gr_ADO_2
Cherkaoui,Hassan,hassan.cherkaoui282@etu.uae.ac.ma,Gr_ADO_2
Mansouri,Hassan,hassan.mansouri283@etu.uae.ac.ma,Gr_ADO_2
Tounsi,Hassan,hassan.tounsi284@etu.uae.ac.ma,Gr_ADO_2
Hajji,Hassan,hassan.hajji285@etu.uae.ac.ma,Gr_ADO_2
Lahlou,Hassan,hassan.lahlou286@etu.uae.ac.ma,Gr_ADO_2
Bouzidi,Hassan,hassan.bouzidi287@etu.uae.ac.ma,Gr_ADO_2
Haddaoui,Hassan,hassan.haddaoui288@etu.uae.ac.ma,Gr_ADO_2
Naji,Hassan,hassan.naji289@etu.uae.ac.ma,Gr_ADO_2
Moussaoui,Hassan,hassan.moussaoui290@etu.uae.ac.ma,Gr_ADO_2
Berrada,Hassan,hassan.berrada291@etu.uae.ac.ma,Gr_ADO_2
Filali,Hassan,hassan.filali292@etu.uae.ac.ma,Gr_ADO_2
Kadiri,Hassan,hassan.kadiri293@etu.uae.ac.ma,Gr_ADO_2
Ouazzani,Hassan,hassan.ouazzani294@etu.uae.ac.ma,Gr_ADO_2
Senhaji,Hassan,hassan.senhaji295@etu.uae.ac.ma,Gr_ADO_2
Benkirane,Hassan,hassan.benkirane296@etu.uae.ac.ma,Gr_ADO_2
Tahiri,Hassan,hassan.tahiri297@etu.uae.ac.ma,Gr_ADO_2
Kabbaj,Hassan,hassan.kabbaj298@etu.uae.ac.ma,Gr_ADO_2
Bennai,Hassan,hassan.bennai299@etu.uae.ac.ma,Gr_ADO_2
Alami,Meryem,meryem.alami300@etu.uae.ac.ma,Gr_ADO_2
Bennani,Meryem,meryem.bennani301@etu.uae.ac.ma,GP_IDAI
Tazi,Meryem,meryem.tazi302@etu.uae.ac.ma,GP_IDAI
Idrissi,Meryem,meryem.idrissi303@etu.uae.ac.ma,GP_IDAI
Kettani,Meryem,meryem.kettani304@etu.uae.ac.ma,GP_IDAI
Amrani,Meryem,meryem.amrani305@etu.uae.ac.ma,GP_IDAI
Chraibi,Meryem,meryem.chraibi306@etu.uae.ac.ma,GP_IDAI
Fassi,Meryem,meryem.fassi307@etu.uae.ac.ma,GP_IDAI
Benjelloun,Meryem,meryem.benjelloun308@etu.uae.ac.ma,GP_IDAI
Sefrioui,Meryem,meryem.sefrioui309@etu.uae.ac.ma,GP_IDAI
Badri,Meryem,meryem.badri310@etu.uae.ac.ma,GP_IDAI
Zahraoui,Meryem,meryem.zahraoui311@etu.uae.ac.ma,GP_IDAI
Cherkaoui,Meryem,meryem.cherkaoui312@etu.uae.ac.ma,GP_IDAI
Mansouri,Meryem,meryem.mansouri313@etu.uae.ac.ma,GP_IDAI
Tounsi,Meryem,meryem.tounsi314@etu.uae.ac.ma,GP_IDAI
Hajji,Meryem,meryem.hajji315@etu.uae.ac.ma,GP_IDAI
Lahlou,Meryem,meryem.lahlou316@etu.uae.ac.ma,GP_IDAI
Bouzidi,Meryem,meryem.bouzidi317@etu.uae.ac.ma,GP_IDAI
Haddaoui,Meryem,meryem.haddaoui318@etu.uae.ac.ma,GP_IDAI
Naji,Meryem,meryem.naji319@etu.uae.ac.ma,GP_IDAI
Moussaoui,Meryem,meryem.moussaoui320@etu.uae.ac.ma,GP_IDAI
Berrada,Meryem,meryem.berrada321@etu.uae.ac.ma,GP_IDAI
Filali,Meryem,meryem.filali322@etu.uae.ac.ma,GP_IDAI
Kadiri,Meryem,meryem.kadiri323@etu.uae.ac.ma,GP_IDAI
Ouazzani,Meryem,meryem.ouazzani324@etu.uae.ac.ma,GP_IDAI
Senhaji,Meryem,meryem.senhaji325@etu.uae.ac.ma,GP_IDAI
Benkirane,Meryem,meryem.benkirane326@etu.uae.ac.ma,GP_IDAI
Tahiri,Meryem,meryem.tahiri327@etu.uae.ac.ma,GP_IDAI
Kabbaj,Meryem,meryem.kabbaj328@etu.uae.ac.ma,GP_IDAI
Bennai,Meryem,meryem.bennai329@etu.uae.ac.ma,GP_IDAI
Alami,Rachid,rachid.alami330@etu.uae.ac.ma,GP_IDAI
Bennani,Rachid,rachid.bennani331@etu.uae.ac.ma,GP_IDAI
Tazi,Rachid,rachid.tazi332@etu.uae.ac.ma,GP_IDAI
Idrissi,Rachid,rachid.idrissi333@etu.uae.ac.ma,GP_IDAI
Kettani,Rachid,rachid.kettani334@etu.uae.ac.ma,GP_IDAI
Amrani,Rachid,rachid.amrani335@etu.uae.ac.ma,GP_IDAI
Chraibi,Rachid,rachid.chraibi336@etu.uae.ac.ma,GP_IDAI
Fassi,Rachid,rachid.fassi337@etu.uae.ac.ma,GP_IDAI
Benjelloun,Rachid,rachid.benjelloun338@etu.uae.ac.ma,GP_IDAI
Sefrioui,Rachid,rachid.sefrioui339@etu.uae.ac.ma,GP_IDAI
Badri,Rachid,rachid.badri340@etu.uae.ac.ma,GP_IDAI
Zahraoui,Rachid,rachid.zahraoui341@etu.uae.ac.ma,GP_IDAI
Cherkaoui,Rachid,rachid.cherkaoui342@etu.uae.ac.ma,GP_IDAI
Mansouri,Rachid,rachid.mansouri343@etu.uae.ac.ma,GP_IDAI
Tounsi,Rachid,rachid.tounsi344@etu.uae.ac.ma,GP_IDAI
Hajji,Rachid,rachid.hajji345@etu.uae.ac.ma,GP_IDAI
Lahlou,Rachid,rachid.lahlou346@etu.uae.ac.ma,GP_IDAI
Bouzidi,Rachid,rachid.bouzidi347@etu.uae.ac.ma,GP_IDAI
Haddaoui,Rachid,rachid.haddaoui348@etu.uae.ac.ma,GP_IDAI
Naji,Rachid,rachid.naji349@etu.uae.ac.ma,GP_IDAI
Moussaoui,Rachid,rachid.moussaoui350@etu.uae.ac.ma,GP_IDAI
Berrada,Rachid,rachid.berrada351@etu.uae.ac.ma,Gr_IDAI_1
Filali,Rachid,rachid.filali352@etu.uae.ac.ma,Gr_IDAI_1
Kadiri,Rachid,rachid.kadiri353@etu.uae.ac.ma,Gr_IDAI_1
Ouazzani,Rachid,rachid.ouazzani354@etu.uae.ac.ma,Gr_IDAI_1
Senhaji,Rachid,rachid.senhaji355@etu.uae.ac.ma,Gr_IDAI_1
Benkirane,Rachid,rachid.benkirane356@etu.uae.ac.ma,Gr_IDAI_1
Tahiri,Rachid,rachid.tahiri357@etu.uae.ac.ma,Gr_IDAI_1
Kabbaj,Rachid,rachid.kabbaj358@etu.uae.ac.ma,Gr_IDAI_1
Bennai,Rachid,rachid.bennai359@etu.uae.ac.ma,Gr_IDAI_1
Alami,Samira,samira.alami360@etu.uae.ac.ma,Gr_IDAI_1
Bennani,Samira,samira.bennani361@etu.uae.ac.ma,Gr_IDAI_1
Tazi,Samira,samira.tazi362@etu.uae.ac.ma,Gr_IDAI_1
Idrissi,Samira,samira.idrissi363@etu.uae.ac.ma,Gr_IDAI_1
Kettani,Samira,samira.kettani364@etu.uae.ac.ma,Gr_IDAI_1
Amrani,Samira,samira.amrani365@etu.uae.ac.ma,Gr_IDAI_1
Chraibi,Samira,samira.chraibi366@etu.uae.ac.ma,Gr_IDAI_1
Fassi,Samira,samira.fassi367@etu.uae.ac.ma,Gr_IDAI_1
Benjelloun,Samira,samira.benjelloun368@etu.uae.ac.ma,Gr_IDAI_1
Sefrioui,Samira,samira.sefrioui369@etu.uae.ac.ma,Gr_IDAI_1
Badri,Samira,samira.badri370@etu.uae.ac.ma,Gr_IDAI_1
Zahraoui,Samira,samira.zahraoui371@etu.uae.ac.ma,Gr_IDAI_1
Cherkaoui,Samira,samira.cherkaoui372@etu.uae.ac.ma,Gr_IDAI_1
Mansouri,Samira,samira.mansouri373@etu.uae.ac.ma,Gr_IDAI_1
Tounsi,Samira,samira.tounsi374@etu.uae.ac.ma,Gr_IDAI_1
Hajji,Samira,samira.hajji375@etu.uae.ac.ma,Gr_IDAI_1
Lahlou,Samira,samira.lahlou376@etu.uae.ac.ma,Gr_IDAI_2
Bouzidi,Samira,samira.bouzidi377@etu.uae.ac.ma,Gr_IDAI_2
Haddaoui,Samira,samira.haddaoui378@etu.uae.ac.ma,Gr_IDAI_2
Naji,Samira,samira.naji379@etu.uae.ac.ma,Gr_IDAI_2
Moussaoui,Samira,samira.moussaoui380@etu.uae.ac.ma,Gr_IDAI_2
Berrada,Samira,samira.berrada381@etu.uae.ac.ma,Gr_IDAI_2
Filali,Samira,samira.filali382@etu.uae.ac.ma,Gr_IDAI_2
Kadiri,Samira,samira.kadiri383@etu.uae.ac.ma,Gr_IDAI_2
Ouazzani,Samira,samira.ouazzani384@etu.uae.ac.ma,Gr_IDAI_2
Senhaji,Samira,samira.senhaji385@etu.uae.ac.ma,Gr_IDAI_2
Benkirane,Samira,samira.benkirane386@etu.uae.ac.ma,Gr_IDAI_2
Tahiri,Samira,samira.tahiri387@etu.uae.ac.ma,Gr_IDAI_2
Kabbaj,Samira,samira.kabbaj388@etu.uae.ac.ma,Gr_IDAI_2
Bennai,Samira,samira.bennai389@etu.uae.ac.ma,Gr_IDAI_2
Alami,Khalid,khalid.alami390@etu.uae.ac.ma,Gr_IDAI_2
Bennani,Khalid,khalid.bennani391@etu.uae.ac.ma,Gr_IDAI_2
Tazi,Khalid,khalid.tazi392@etu.uae.ac.ma,Gr_IDAI_2
Idrissi,Khalid,khalid.idrissi393@etu.uae.ac.ma,Gr_IDAI_2
Kettani,Khalid,khalid.kettani394@etu.uae.ac.ma,Gr_IDAI_2
Amrani,Khalid,khalid.amrani395@etu.uae.ac.ma,Gr_IDAI_2
Chraibi,Khalid,khalid.chraibi396@etu.uae.ac.ma,Gr_IDAI_2
Fassi,Khalid,khalid.fassi397@etu.uae.ac.ma,Gr_IDAI_2
Benjelloun,Khalid,khalid.benjelloun398@etu.uae.ac.ma,Gr_IDAI_2
Sefrioui,Khalid,khalid.sefrioui399@etu.uae.ac.ma,Gr_IDAI_2
Badri,Khalid,khalid.badri400@etu.uae.ac.ma,Gr_IDAI_2
Zahraoui,Khalid,khalid.zahraoui401@etu.uae.ac.ma,GP_SSD
Cherkaoui,Khalid,khalid.cherkaoui402@etu.uae.ac.ma,GP_SSD
Mansouri,Khalid,khalid.mansouri403@etu.uae.ac.ma,GP_SSD
Tounsi,Khalid,khalid.tounsi404@etu.uae.ac.ma,GP_SSD
Hajji,Khalid,khalid.hajji405@etu.uae.ac.ma,GP_SSD
Lahlou,Khalid,khalid.lahlou406@etu.uae.ac.ma,GP_SSD
Bouzidi,Khalid,khalid.bouzidi407@etu.uae.ac.ma,GP_SSD
Haddaoui,Khalid,khalid.haddaoui408@etu.uae.ac.ma,GP_SSD
Naji,Khalid,khalid.naji409@etu.uae.ac.ma,GP_SSD
Moussaoui,Khalid,khalid.moussaoui410@etu.uae.ac.ma,GP_SSD
Berrada,Khalid,khalid.berrada411@etu.uae.ac.ma,GP_SSD
Filali,Khalid,khalid.filali412@etu.uae.ac.ma,GP_SSD
Kadiri,Khalid,khalid.kadiri413@etu.uae.ac.ma,GP_SSD
Ouazzani,Khalid,khalid.ouazzani414@etu.uae.ac.ma,GP_SSD
Senhaji,Khalid,khalid.senhaji415@etu.uae.ac.ma,GP_SSD
Benkirane,Khalid,khalid.benkirane416@etu.uae.ac.ma,GP_SSD
Tahiri,Khalid,khalid.tahiri417@etu.uae.ac.ma,GP_SSD
Kabbaj,Khalid,khalid.kabbaj418@etu.uae.ac.ma,GP_SSD
Bennai,Khalid,khalid.bennai419@etu.uae.ac.ma,GP_SSD
Alami,Imane,imane.alami420@etu.uae.ac.ma,GP_SSD
Bennani,Imane,imane.bennani421@etu.uae.ac.ma,GP_SSD
Tazi,Imane,imane.tazi422@etu.uae.ac.ma,GP_SSD
Idrissi,Imane,imane.idrissi423@etu.uae.ac.ma,GP_SSD
Kettani,Imane,imane.kettani424@etu.uae.ac.ma,GP_SSD
Amrani,Imane,imane.amrani425@etu.uae.ac.ma,GP_SSD
Chraibi,Imane,imane.chraibi426@etu.uae.ac.ma,GP_SSD
Fassi,Imane,imane.fassi427@etu.uae.ac.ma,GP_SSD
Benjelloun,Imane,imane.benjelloun428@etu.uae.ac.ma,GP_SSD
Sefrioui,Imane,imane.sefrioui429@etu.uae.ac.ma,GP_SSD
Badri,Imane,imane.badri430@etu.uae.ac.ma,GP_SSD
Zahraoui,Imane,imane.zahraoui431@etu.uae.ac.ma,GP_SSD
Cherkaoui,Imane,imane.cherkaoui432@etu.uae.ac.ma,GP_SSD
Mansouri,Imane,imane.mansouri433@etu.uae.ac.ma,GP_SSD
Tounsi,Imane,imane.tounsi434@etu.uae.ac.ma,GP_SSD
Hajji,Imane,imane.hajji435@etu.uae.ac.ma,GP_SSD
Lahlou,Imane,imane.lahlou436@etu.uae.ac.ma,GP_SSD
Bouzidi,Imane,imane.bouzidi437@etu.uae.ac.ma,GP_SSD
Haddaoui,Imane,imane.haddaoui438@etu.uae.ac.ma,GP_SSD
Naji,Imane,imane.naji439@etu.uae.ac.ma,GP_SSD
Moussaoui,Imane,imane.moussaoui440@etu.uae.ac.ma,GP_SSD
Berrada,Imane,imane.berrada441@etu.uae.ac.ma,GP_SSD
Filali,Imane,imane.filali442@etu.uae.ac.ma,GP_SSD
Kadiri,Imane,imane.kadiri443@etu.uae.ac.ma,GP_SSD
Ouazzani,Imane,imane.ouazzani444@etu.uae.ac.ma,GP_SSD
Senhaji,Imane,imane.senhaji445@etu.uae.ac.ma,GP_SSD
Benkirane,Imane,imane.benkirane446@etu.uae.ac.ma,GP_SSD
Tahiri,Imane,imane.tahiri447@etu.uae.ac.ma,GP_SSD
Kabbaj,Imane,imane.kabbaj448@etu.uae.ac.ma,GP_SSD
Bennai,Imane,imane.bennai449@etu.uae.ac.ma,GP_SSD
Alami,Abdelkader,abdelkader.alami450@etu.uae.ac.ma,GP_SSD
Bennani,Abdelkader,abdelkader.bennani451@etu.uae.ac.ma,Gr_SSD_1
Tazi,Abdelkader,abdelkader.tazi452@etu.uae.ac.ma,Gr_SSD_1
Idrissi,Abdelkader,abdelkader.idrissi453@etu.uae.ac.ma,Gr_SSD_1
Kettani,Abdelkader,abdelkader.kettani454@etu.uae.ac.ma,Gr_SSD_1
Amrani,Abdelkader,abdelkader.amrani455@etu.uae.ac.ma,Gr_SSD_1
Chraibi,Abdelkader,abdelkader.chraibi456@etu.uae.ac.ma,Gr_SSD_1
Fassi,Abdelkader,abdelkader.fassi457@etu.uae.ac.ma,Gr_SSD_1
Benjelloun,Abdelkader,abdelkader.benjelloun458@etu.uae.ac.ma,Gr_SSD_1
Sefrioui,Abdelkader,abdelkader.sefrioui459@etu.uae.ac.ma,Gr_SSD_1
Badri,Abdelkader,abdelkader.badri460@etu.uae.ac.ma,Gr_SSD_1
Zahraoui,Abdelkader,abdelkader.zahraoui461@etu.uae.ac.ma,Gr_SSD_1
Cherkaoui,Abdelkader,abdelkader.cherkaoui462@etu.uae.ac.ma,Gr_SSD_1
Mansouri,Abdelkader,abdelkader.mansouri463@etu.uae.ac.ma,Gr_SSD_1
Tounsi,Abdelkader,abdelkader.tounsi464@etu.uae.ac.ma,Gr_SSD_1
Hajji,Abdelkader,abdelkader.hajji465@etu.uae.ac.ma,Gr_SSD_1
Lahlou,Abdelkader,abdelkader.lahlou466@etu.uae.ac.ma,Gr_SSD_1
Bouzidi,Abdelkader,abdelkader.bouzidi467@etu.uae.ac.ma,Gr_SSD_1
Haddaoui,Abdelkader,abdelkader.haddaoui468@etu.uae.ac.ma,Gr_SSD_1
Naji,Abdelkader,abdelkader.naji469@etu.uae.ac.ma,Gr_SSD_1
Moussaoui,Abdelkader,abdelkader.moussaoui470@etu.uae.ac.ma,Gr_SSD_1
Berrada,Abdelkader,abdelkader.berrada471@etu.uae.ac.ma,Gr_SSD_1
Filali,Abdelkader,abdelkader.filali472@etu.uae.ac.ma,Gr_SSD_1
Kadiri,Abdelkader,abdelkader.kadiri473@etu.uae.ac.ma,Gr_SSD_1
Ouazzani,Abdelkader,abdelkader.ouazzani474@etu.uae.ac.ma,Gr_SSD_1
Senhaji,Abdelkader,abdelkader.senhaji475@etu.uae.ac.ma,Gr_SSD_1
Benkirane,Abdelkader,abdelkader.benkirane476@etu.uae.ac.ma,Gr_SSD_2
Tahiri,Abdelkader,abdelkader.tahiri477@etu.uae.ac.ma,Gr_SSD_2
Kabbaj,Abdelkader,abdelkader.kabbaj478@etu.uae.ac.ma,Gr_SSD_2
Bennai,Abdelkader,abdelkader.bennai479@etu.uae.ac.ma,Gr_SSD_2
Alami,Houda,houda.alami480@etu.uae.ac.ma,Gr_SSD_2
Bennani,Houda,houda.bennani481@etu.uae.ac.ma,Gr_SSD_2
Tazi,Houda,houda.tazi482@etu.uae.ac.ma,Gr_SSD_2
Idrissi,Houda,houda.idrissi483@etu.uae.ac.ma,Gr_SSD_2
Kettani,Houda,houda.kettani484@etu.uae.ac.ma,Gr_SSD_2
Amrani,Houda,houda.amrani485@etu.uae.ac.ma,Gr_SSD_2
Chraibi,Houda,houda.chraibi486@etu.uae.ac.ma,Gr_SSD_2
Fassi,Houda,houda.fassi487@etu.uae.ac.ma,Gr_SSD_2
Benjelloun,Houda,houda.benjelloun488@etu.uae.ac.ma,Gr_SSD_2
Sefrioui,Houda,houda.sefrioui489@etu.uae.ac.ma,Gr_SSD_2
Badri,Houda,houda.badri490@etu.uae.ac.ma,Gr_SSD_2
Zahraoui,Houda,houda.zahraoui491@etu.uae.ac.ma,Gr_SSD_2
Cherkaoui,Houda,houda.cherkaoui492@etu.uae.ac.ma,Gr_SSD_2
Mansouri,Houda,houda.mansouri493@etu.uae.ac.ma,Gr_SSD_2
Tounsi,Houda,houda.tounsi494@etu.uae.ac.ma,Gr_SSD_2
Hajji,Houda,houda.hajji495@etu.uae.ac.ma,Gr_SSD_2
Lahlou,Houda,houda.lahlou496@etu.uae.ac.ma,Gr_SSD_2
Bouzidi,Houda,houda.bouzidi497@etu.uae.ac.ma,Gr_SSD_2
Haddaoui,Houda,houda.haddaoui498@etu.uae.ac.ma,Gr_SSD_2
Naji,Houda,houda.naji499@etu.uae.ac.ma,Gr_SSD_2
Moussaoui,Houda,houda.moussaoui500@etu.uae.ac.ma,Gr_SSD_2
Berrada,Houda,houda.berrada501@etu.uae.ac.ma,GP_MID
Filali,Houda,houda.filali502@etu.uae.ac.ma,GP_MID
Kadiri,Houda,houda.kadiri503@etu.uae.ac.ma,GP_MID
Ouazzani,Houda,houda.ouazzani504@etu.uae.ac.ma,GP_MID
Senhaji,Houda,houda.senhaji505@etu.uae.ac.ma,GP_MID
Benkirane,Houda,houda.benkirane506@etu.uae.ac.ma,GP_MID
Tahiri,Houda,houda.tahiri507@etu.uae.ac.ma,GP_MID
Kabbaj,Houda,houda.kabbaj508@etu.uae.ac.ma,GP_MID
Bennai,Houda,houda.bennai509@etu.uae.ac.ma,GP_MID
Alami,Mustapha,mustapha.alami510@etu.uae.ac.ma,GP_MID
Bennani,Mustapha,mustapha.bennani511@etu.uae.ac.ma,GP_MID
Tazi,Mustapha,mustapha.tazi512@etu.uae.ac.ma,GP_MID
Idrissi,Mustapha,mustapha.idrissi513@etu.uae.ac.ma,GP_MID
Kettani,Mustapha,mustapha.kettani514@etu.uae.ac.ma,GP_MID
Amrani,Mustapha,mustapha.amrani515@etu.uae.ac.ma,GP_MID
Chraibi,Mustapha,mustapha.chraibi516@etu.uae.ac.ma,GP_MID
Fassi,Mustapha,mustapha.fassi517@etu.uae.ac.ma,GP_MID
Benjelloun,Mustapha,mustapha.benjelloun518@etu.uae.ac.ma,GP_MID
Sefrioui,Mustapha,mustapha.sefrioui519@etu.uae.ac.ma,GP_MID
Badri,Mustapha,mustapha.badri520@etu.uae.ac.ma,GP_MID
Zahraoui,Mustapha,mustapha.zahraoui521@etu.uae.ac.ma,GP_MID
Cherkaoui,Mustapha,mustapha.cherkaoui522@etu.uae.ac.ma,GP_MID
Mansouri,Mustapha,mustapha.mansouri523@etu.uae.ac.ma,GP_MID
Tounsi,Mustapha,mustapha.tounsi524@etu.uae.ac.ma,GP_MID
Hajji,Mustapha,mustapha.hajji525@etu.uae.ac.ma,GP_MID
Lahlou,Mustapha,mustapha.lahlou526@etu.uae.ac.ma,GP_MID
Bouzidi,Mustapha,mustapha.bouzidi527@etu.uae.ac.ma,GP_MID
Haddaoui,Mustapha,mustapha.haddaoui528@etu.uae.ac.ma,GP_MID
Naji,Mustapha,mustapha.naji529@etu.uae.ac.ma,GP_MID
Moussaoui,Mustapha,mustapha.moussaoui530@etu.uae.ac.ma,GP_MID
Berrada,Mustapha,mustapha.berrada531@etu.uae.ac.ma,GP_MID
Filali,Mustapha,mustapha.filali532@etu.uae.ac.ma,GP_MID
Kadiri,Mustapha,mustapha.kadiri533@etu.uae.ac.ma,GP_MID
Ouazzani,Mustapha,mustapha.ouazzani534@etu.uae.ac.ma,GP_MID
Senhaji,Mustapha,mustapha.senhaji535@etu.uae.ac.ma,GP_MID
Benkirane,Mustapha,mustapha.benkirane536@etu.uae.ac.ma,GP_MID
Tahiri,Mustapha,mustapha.tahiri537@etu.uae.ac.ma,GP_MID
Kabbaj,Mustapha,mustapha.kabbaj538@etu.uae.ac.ma,GP_MID
Bennai,Mustapha,mustapha.bennai539@etu.uae.ac.ma,GP_MID
Alami,Asma,asma.alami540@etu.uae.ac.ma,GP_MID
Bennani,Asma,asma.bennani541@etu.uae.ac.ma,GP_MID
Tazi,Asma,asma.tazi542@etu.uae.ac.ma,GP_MID
Idrissi,Asma,asma.idrissi543@etu.uae.ac.ma,GP_MID
Kettani,Asma,asma.kettani544@etu.uae.ac.ma,GP_MID
Amrani,Asma,asma.amrani545@etu.uae.ac.ma,GP_MID
Chraibi,Asma,asma.chraibi546@etu.uae.ac.ma,GP_MID
Fassi,Asma,asma.fassi547@etu.uae.ac.ma,GP_MID
Benjelloun,Asma,asma.benjelloun548@etu.uae.ac.ma,GP_MID
Sefrioui,Asma,asma.sefrioui549@etu.uae.ac.ma,GP_MID
Badri,Asma,asma.badri550@etu.uae.ac.ma,GP_MID
Zahraoui,Asma,asma.zahraoui551@etu.uae.ac.ma,Gr_MID_1
Cherkaoui,Asma,asma.cherkaoui552@etu.uae.ac.ma,Gr_MID_1
Mansouri,Asma,asma.mansouri553@etu.uae.ac.ma,Gr_MID_1
Tounsi,Asma,asma.tounsi554@etu.uae.ac.ma,Gr_MID_1
Hajji,Asma,asma.hajji555@etu.uae.ac.ma,Gr_MID_1
Lahlou,Asma,asma.lahlou556@etu.uae.ac.ma,Gr_MID_1
Bouzidi,Asma,asma.bouzidi557@etu.uae.ac.ma,Gr_MID_1
Haddaoui,Asma,asma.haddaoui558@etu.uae.ac.ma,Gr_MID_1
Naji,Asma,asma.naji559@etu.uae.ac.ma,Gr_MID_1
Moussaoui,Asma,asma.moussaoui560@etu.uae.ac.ma,Gr_MID_1
Berrada,Asma,asma.berrada561@etu.uae.ac.ma,Gr_MID_1
Filali,Asma,asma.filali562@etu.uae.ac.ma,Gr_MID_1
Kadiri,Asma,asma.kadiri563@etu.uae.ac.ma,Gr_MID_1
Ouazzani,Asma,asma.ouazzani564@etu.uae.ac.ma,Gr_MID_1
Senhaji,Asma,asma.senhaji565@etu.uae.ac.ma,Gr_MID_1
Benkirane,Asma,asma.benkirane566@etu.uae.ac.ma,Gr_MID_1
Tahiri,Asma,asma.tahiri567@etu.uae.ac.ma,Gr_MID_1
Kabbaj,Asma,asma.kabbaj568@etu.uae.ac.ma,Gr_MID_1
Bennai,Asma,asma.bennai569@etu.uae.ac.ma,Gr_MID_1
Alami,Driss,driss.alami570@etu.uae.ac.ma,Gr_MID_1
Bennani,Driss,driss.bennani571@etu.uae.ac.ma,Gr_MID_1
Tazi,Driss,driss.tazi572@etu.uae.ac.ma,Gr_MID_1
Idrissi,Driss,driss.idrissi573@etu.uae.ac.ma,Gr_MID_1
Kettani,Driss,driss.kettani574@etu.uae.ac.ma,Gr_MID_1
Amrani,Driss,driss.amrani575@etu.uae.ac.ma,Gr_MID_1
Chraibi,Driss,driss.chraibi576@etu.uae.ac.ma,Gr_MID_2
Fassi,Driss,driss.fassi577@etu.uae.ac.ma,Gr_MID_2
Benjelloun,Driss,driss.benjelloun578@etu.uae.ac.ma,Gr_MID_2
Sefrioui,Driss,driss.sefrioui579@etu.uae.ac.ma,Gr_MID_2
Badri,Driss,driss.badri580@etu.uae.ac.ma,Gr_MID_2
Zahraoui,Driss,driss.zahraoui581@etu.uae.ac.ma,Gr_MID_2
Cherkaoui,Driss,driss.cherkaoui582@etu.uae.ac.ma,Gr_MID_2
Mansouri,Driss,driss.mansouri583@etu.uae.ac.ma,Gr_MID_2
Tounsi,Driss,driss.tounsi584@etu.uae.ac.ma,Gr_MID_2
Hajji,Driss,driss.hajji585@etu.uae.ac.ma,Gr_MID_2
Lahlou,Driss,driss.lahlou586@etu.uae.ac.ma,Gr_MID_2
Bouzidi,Driss,driss.bouzidi587@etu.uae.ac.ma,Gr_MID_2
Haddaoui,Driss,driss.haddaoui588@etu.uae.ac.ma,Gr_MID_2
Naji,Driss,driss.naji589@etu.uae.ac.ma,Gr_MID_2
Moussaoui,Driss,driss.moussaoui590@etu.uae.ac.ma,Gr_MID_2
Berrada,Driss,driss.berrada591@etu.uae.ac.ma,Gr_MID_2
Filali,Driss,driss.filali592@etu.uae.ac.ma,Gr_MID_2
Kadiri,Driss,driss.kadiri593@etu.uae.ac.ma,Gr_MID_2
Ouazzani,Driss,driss.ouazzani594@etu.uae.ac.ma,Gr_MID_2
Senhaji,Driss,driss.senhaji595@etu.uae.ac.ma,Gr_MID_2
Benkirane,Driss,driss.benkirane596@etu.uae.ac.ma,Gr_MID_2
Tahiri,Driss,driss.tahiri597@etu.uae.ac.ma,Gr_MID_2
Kabbaj,Driss,driss.kabbaj598@etu.uae.ac.ma,Gr_MID_2
Bennai,Driss,driss.bennai599@etu.uae.ac.ma,Gr_MID_2
Alami,Sanae,sanae.alami600@etu.uae.ac.ma,Gr_MID_2
Bennani,Sanae,sanae.bennani601@etu.uae.ac.ma,GP_BIO
Tazi,Sanae,sanae.tazi602@etu.uae.ac.ma,GP_BIO
Idrissi,Sanae,sanae.idrissi603@etu.uae.ac.ma,GP_BIO
Kettani,Sanae,sanae.kettani604@etu.uae.ac.ma,GP_BIO
Amrani,Sanae,sanae.amrani605@etu.uae.ac.ma,GP_BIO
Chraibi,Sanae,sanae.chraibi606@etu.uae.ac.ma,GP_BIO
Fassi,Sanae,sanae.fassi607@etu.uae.ac.ma,GP_BIO
Benjelloun,Sanae,sanae.benjelloun608@etu.uae.ac.ma,GP_BIO
Sefrioui,Sanae,sanae.sefrioui609@etu.uae.ac.ma,GP_BIO
Badri,Sanae,sanae.badri610@etu.uae.ac.ma,GP_BIO
Zahraoui,Sanae,sanae.zahraoui611@etu.uae.ac.ma,GP_BIO
Cherkaoui,Sanae,sanae.cherkaoui612@etu.uae.ac.ma,GP_BIO
Mansouri,Sanae,sanae.mansouri613@etu.uae.ac.ma,GP_BIO
Tounsi,Sanae,sanae.tounsi614@etu.uae.ac.ma,GP_BIO
Hajji,Sanae,sanae.hajji615@etu.uae.ac.ma,GP_BIO
Lahlou,Sanae,sanae.lahlou616@etu.uae.ac.ma,GP_BIO
Bouzidi,Sanae,sanae.bouzidi617@etu.uae.ac.ma,GP_BIO
Haddaoui,Sanae,sanae.haddaoui618@etu.uae.ac.ma,GP_BIO
Naji,Sanae,sanae.naji619@etu.uae.ac.ma,GP_BIO
Moussaoui,Sanae,sanae.moussaoui620@etu.uae.ac.ma,GP_BIO
Berrada,Sanae,sanae.berrada621@etu.uae.ac.ma,GP_BIO
Filali,Sanae,sanae.filali622@etu.uae.ac.ma,GP_BIO
Kadiri,Sanae,sanae.kadiri623@etu.uae.ac.ma,GP_BIO
Ouazzani,Sanae,sanae.ouazzani624@etu.uae.ac.ma,GP_BIO
Senhaji,Sanae,sanae.senhaji625@etu.uae.ac.ma,GP_BIO
Benkirane,Sanae,sanae.benkirane626@etu.uae.ac.ma,GP_BIO
Tahiri,Sanae,sanae.tahiri627@etu.uae.ac.ma,GP_BIO
Kabbaj,Sanae,sanae.kabbaj628@etu.uae.ac.ma,GP_BIO
Bennai,Sanae,sanae.bennai629@etu.uae.ac.ma,GP_BIO
Alami,Hamza,hamza.alami630@etu.uae.ac.ma,GP_BIO
Bennani,Hamza,hamza.bennani631@etu.uae.ac.ma,GP_BIO
Tazi,Hamza,hamza.tazi632@etu.uae.ac.ma,GP_BIO
Idrissi,Hamza,hamza.idrissi633@etu.uae.ac.ma,GP_BIO
Kettani,Hamza,hamza.kettani634@etu.uae.ac.ma,GP_BIO
Amrani,Hamza,hamza.amrani635@etu.uae.ac.ma,GP_BIO
Chraibi,Hamza,hamza.chraibi636@etu.uae.ac.ma,GP_BIO
Fassi,Hamza,hamza.fassi637@etu.uae.ac.ma,GP_BIO
Benjelloun,Hamza,hamza.benjelloun638@etu.uae.ac.ma,GP_BIO
Sefrioui,Hamza,hamza.sefrioui639@etu.uae.ac.ma,GP_BIO
Badri,Hamza,hamza.badri640@etu.uae.ac.ma,GP_BIO
Zahraoui,Hamza,hamza.zahraoui641@etu.uae.ac.ma,GP_BIO
Cherkaoui,Hamza,hamza.cherkaoui642@etu.uae.ac.ma,GP_BIO
Mansouri,Hamza,hamza.mansouri643@etu.uae.ac.ma,GP_BIO
Tounsi,Hamza,hamza.tounsi644@etu.uae.ac.ma,GP_BIO
Hajji,Hamza,hamza.hajji645@etu.uae.ac.ma,GP_BIO
Lahlou,Hamza,hamza.lahlou646@etu.uae.ac.ma,GP_BIO
Bouzidi,Hamza,hamza.bouzidi647@etu.uae.ac.ma,GP_BIO
Haddaoui,Hamza,hamza.haddaoui648@etu.uae.ac.ma,GP_BIO
Naji,Hamza,hamza.naji649@etu.uae.ac.ma,GP_BIO
Moussaoui,Hamza,hamza.moussaoui650@etu.uae.ac.ma,GP_BIO
Berrada,Hamza,hamza.berrada651@etu.uae.ac.ma,Gr_BIO_1
Filali,Hamza,hamza.filali652@etu.uae.ac.ma,Gr_BIO_1
Kadiri,Hamza,hamza.kadiri653@etu.uae.ac.ma,Gr_BIO_1
Ouazzani,Hamza,hamza.ouazzani654@etu.uae.ac.ma,Gr_BIO_1
Senhaji,Hamza,hamza.senhaji655@etu.uae.ac.ma,Gr_BIO_1
Benkirane,Hamza,hamza.benkirane656@etu.uae.ac.ma,Gr_BIO_1
Tahiri,Hamza,hamza.tahiri657@etu.uae.ac.ma,Gr_BIO_1
Kabbaj,Hamza,hamza.kabbaj658@etu.uae.ac.ma,Gr_BIO_1
Bennai,Hamza,hamza.bennai659@etu.uae.ac.ma,Gr_BIO_1
Alami,Zineb,zineb.alami660@etu.uae.ac.ma,Gr_BIO_1
Bennani,Zineb,zineb.bennani661@etu.uae.ac.ma,Gr_BIO_1
Tazi,Zineb,zineb.tazi662@etu.uae.ac.ma,Gr_BIO_1
Idrissi,Zineb,zineb.idrissi663@etu.uae.ac.ma,Gr_BIO_1
Kettani,Zineb,zineb.kettani664@etu.uae.ac.ma,Gr_BIO_1
Amrani,Zineb,zineb.amrani665@etu.uae.ac.ma,Gr_BIO_1
Chraibi,Zineb,zineb.chraibi666@etu.uae.ac.ma,Gr_BIO_1
Fassi,Zineb,zineb.fassi667@etu.uae.ac.ma,Gr_BIO_1
Benjelloun,Zineb,zineb.benjelloun668@etu.uae.ac.ma,Gr_BIO_1
Sefrioui,Zineb,zineb.sefrioui669@etu.uae.ac.ma,Gr_BIO_1
Badri,Zineb,zineb.badri670@etu.uae.ac.ma,Gr_BIO_1
Zahraoui,Zineb,zineb.zahraoui671@etu.uae.ac.ma,Gr_BIO_1
Cherkaoui,Zineb,zineb.cherkaoui672@etu.uae.ac.ma,Gr_BIO_1
Mansouri,Zineb,zineb.mansouri673@etu.uae.ac.ma,Gr_BIO_1
Tounsi,Zineb,zineb.tounsi674@etu.uae.ac.ma,Gr_BIO_1
Hajji,Zineb,zineb.hajji675@etu.uae.ac.ma,Gr_BIO_1
Lahlou,Zineb,zineb.lahlou676@etu.uae.ac.ma,Gr_BIO_2
Bouzidi,Zineb,zineb.bouzidi677@etu.uae.ac.ma,Gr_BIO_2
Haddaoui,Zineb,zineb.haddaoui678@etu.uae.ac.ma,Gr_BIO_2
Naji,Zineb,zineb.naji679@etu.uae.ac.ma,Gr_BIO_2
Moussaoui,Zineb,zineb.moussaoui680@etu.uae.ac.ma,Gr_BIO_2
Berrada,Zineb,zineb.berrada681@etu.uae.ac.ma,Gr_BIO_2
Filali,Zineb,zineb.filali682@etu.uae.ac.ma,Gr_BIO_2
Kadiri,Zineb,zineb.kadiri683@etu.uae.ac.ma,Gr_BIO_2
Ouazzani,Zineb,zineb.ouazzani684@etu.uae.ac.ma,Gr_BIO_2
Senhaji,Zineb,zineb.senhaji685@etu.uae.ac.ma,Gr_BIO_2
Benkirane,Zineb,zineb.benkirane686@etu.uae.ac.ma,Gr_BIO_2
Tahiri,Zineb,zineb.tahiri687@etu.uae.ac.ma,Gr_BIO_2
Kabbaj,Zineb,zineb.kabbaj688@etu.uae.ac.ma,Gr_BIO_2
Bennai,Zineb,zineb.bennai689@etu.uae.ac.ma,Gr_BIO_2
Alami,Amine,amine.alami690@etu.uae.ac.ma,Gr_BIO_2
Bennani,Amine,amine.bennani691@etu.uae.ac.ma,Gr_BIO_2
Tazi,Amine,amine.tazi692@etu.uae.ac.ma,Gr_BIO_2
Idrissi,Amine,amine.idrissi693@etu.uae.ac.ma,Gr_BIO_2
Kettani,Amine,amine.kettani694@etu.uae.ac.ma,Gr_BIO_2
Amrani,Amine,amine.amrani695@etu.uae.ac.ma,Gr_BIO_2
Chraibi,Amine,amine.chraibi696@etu.uae.ac.ma,Gr_BIO_2
Fassi,Amine,amine.fassi697@etu.uae.ac.ma,Gr_BIO_2
Benjelloun,Amine,amine.benjelloun698@etu.uae.ac.ma,Gr_BIO_2
Sefrioui,Amine,amine.sefrioui699@etu.uae.ac.ma,Gr_BIO_2
Badri,Amine,amine.badri700@etu.uae.ac.ma,Gr_BIO_2
Zahraoui,Amine,amine.zahraoui701@etu.uae.ac.ma,GP_GDP
Cherkaoui,Amine,amine.cherkaoui702@etu.uae.ac.ma,GP_GDP
Mansouri,Amine,amine.mansouri703@etu.uae.ac.ma,GP_GDP
Tounsi,Amine,amine.tounsi704@etu.uae.ac.ma,GP_GDP
Hajji,Amine,amine.hajji705@etu.uae.ac.ma,GP_GDP
Lahlou,Amine,amine.lahlou706@etu.uae.ac.ma,GP_GDP
Bouzidi,Amine,amine.bouzidi707@etu.uae.ac.ma,GP_GDP
Haddaoui,Amine,amine.haddaoui708@etu.uae.ac.ma,GP_GDP
Naji,Amine,amine.naji709@etu.uae.ac.ma,GP_GDP
Moussaoui,Amine,amine.moussaoui710@etu.uae.ac.ma,GP_GDP
Berrada,Amine,amine.berrada711@etu.uae.ac.ma,GP_GDP
Filali,Amine,amine.filali712@etu.uae.ac.ma,GP_GDP
Kadiri,Amine,amine.kadiri713@etu.uae.ac.ma,GP_GDP
Ouazzani,Amine,amine.ouazzani714@etu.uae.ac.ma,GP_GDP
Senhaji,Amine,amine.senhaji715@etu.uae.ac.ma,GP_GDP
Benkirane,Amine,amine.benkirane716@etu.uae.ac.ma,GP_GDP
Tahiri,Amine,amine.tahiri717@etu.uae.ac.ma,GP_GDP
Kabbaj,Amine,amine.kabbaj718@etu.uae.ac.ma,GP_GDP
Bennai,Amine,amine.bennai719@etu.uae.ac.ma,GP_GDP
Alami,Khadija,khadija.alami720@etu.uae.ac.ma,GP_GDP
Bennani,Khadija,khadija.bennani721@etu.uae.ac.ma,GP_GDP
Tazi,Khadija,khadija.tazi722@etu.uae.ac.ma,GP_GDP
Idrissi,Khadija,khadija.idrissi723@etu.uae.ac.ma,GP_GDP
Kettani,Khadija,khadija.kettani724@etu.uae.ac.ma,GP_GDP
Amrani,Khadija,khadija.amrani725@etu.uae.ac.ma,GP_GDP
Chraibi,Khadija,khadija.chraibi726@etu.uae.ac.ma,GP_GDP
Fassi,Khadija,khadija.fassi727@etu.uae.ac.ma,GP_GDP
Benjelloun,Khadija,khadija.benjelloun728@etu.uae.ac.ma,GP_GDP
Sefrioui,Khadija,khadija.sefrioui729@etu.uae.ac.ma,GP_GDP
Badri,Khadija,khadija.badri730@etu.uae.ac.ma,GP_GDP
Zahraoui,Khadija,khadija.zahraoui731@etu.uae.ac.ma,GP_GDP
Cherkaoui,Khadija,khadija.cherkaoui732@etu.uae.ac.ma,GP_GDP
Mansouri,Khadija,khadija.mansouri733@etu.uae.ac.ma,GP_GDP
Tounsi,Khadija,khadija.tounsi734@etu.uae.ac.ma,GP_GDP
Hajji,Khadija,khadija.hajji735@etu.uae.ac.ma,GP_GDP
Lahlou,Khadija,khadija.lahlou736@etu.uae.ac.ma,GP_GDP
Bouzidi,Khadija,khadija.bouzidi737@etu.uae.ac.ma,GP_GDP
Haddaoui,Khadija,khadija.haddaoui738@etu.uae.ac.ma,GP_GDP
Naji,Khadija,khadija.naji739@etu.uae.ac.ma,GP_GDP
Moussaoui,Khadija,khadija.moussaoui740@etu.uae.ac.ma,GP_GDP
Berrada,Khadija,khadija.berrada741@etu.uae.ac.ma,GP_GDP
Filali,Khadija,khadija.filali742@etu.uae.ac.ma,GP_GDP
Kadiri,Khadija,khadija.kadiri743@etu.uae.ac.ma,GP_GDP
Ouazzani,Khadija,khadija.ouazzani744@etu.uae.ac.ma,GP_GDP
Senhaji,Khadija,khadija.senhaji745@etu.uae.ac.ma,GP_GDP
Benkirane,Khadija,khadija.benkirane746@etu.uae.ac.ma,GP_GDP
Tahiri,Khadija,khadija.tahiri747@etu.uae.ac.ma,GP_GDP
Kabbaj,Khadija,khadija.kabbaj748@etu.uae.ac.ma,GP_GDP
Bennai,Khadija,khadija.bennai749@etu.uae.ac.ma,GP_GDP
Alami,Othmane,othmane.alami750@etu.uae.ac.ma,GP_GDP
Bennani,Othmane,othmane.bennani751@etu.uae.ac.ma,Gr_GDP_1
Tazi,Othmane,othmane.tazi752@etu.uae.ac.ma,Gr_GDP_1
Idrissi,Othmane,othmane.idrissi753@etu.uae.ac.ma,Gr_GDP_1
Kettani,Othmane,othmane.kettani754@etu.uae.ac.ma,Gr_GDP_1
Amrani,Othmane,othmane.amrani755@etu.uae.ac.ma,Gr_GDP_1
Chraibi,Othmane,othmane.chraibi756@etu.uae.ac.ma,Gr_GDP_1
Fassi,Othmane,othmane.fassi757@etu.uae.ac.ma,Gr_GDP_1
Benjelloun,Othmane,othmane.benjelloun758@etu.uae.ac.ma,Gr_GDP_1
Sefrioui,Othmane,othmane.sefrioui759@etu.uae.ac.ma,Gr_GDP_1
Badri,Othmane,othmane.badri760@etu.uae.ac.ma,Gr_GDP_1
Zahraoui,Othmane,othmane.zahraoui761@etu.uae.ac.ma,Gr_GDP_1
Cherkaoui,Othmane,othmane.cherkaoui762@etu.uae.ac.ma,Gr_GDP_1
Mansouri,Othmane,othmane.mansouri763@etu.uae.ac.ma,Gr_GDP_1
Tounsi,Othmane,othmane.tounsi764@etu.uae.ac.ma,Gr_GDP_1
Hajji,Othmane,othmane.hajji765@etu.uae.ac.ma,Gr_GDP_1
Lahlou,Othmane,othmane.lahlou766@etu.uae.ac.ma,Gr_GDP_1
Bouzidi,Othmane,othmane.bouzidi767@etu.uae.ac.ma,Gr_GDP_1
Haddaoui,Othmane,othmane.haddaoui768@etu.uae.ac.ma,Gr_GDP_1
Naji,Othmane,othmane.naji769@etu.uae.ac.ma,Gr_GDP_1
Moussaoui,Othmane,othmane.moussaoui770@etu.uae.ac.ma,Gr_GDP_1
Berrada,Othmane,othmane.berrada771@etu.uae.ac.ma,Gr_GDP_1
Filali,Othmane,othmane.filali772@etu.uae.ac.ma,Gr_GDP_1
Kadiri,Othmane,othmane.kadiri773@etu.uae.ac.ma,Gr_GDP_1
Ouazzani,Othmane,othmane.ouazzani774@etu.uae.ac.ma,Gr_GDP_1
Senhaji,Othmane,othmane.senhaji775@etu.uae.ac.ma,Gr_GDP_1
Benkirane,Othmane,othmane.benkirane776@etu.uae.ac.ma,Gr_GDP_2
Tahiri,Othmane,othmane.tahiri777@etu.uae.ac.ma,Gr_GDP_2
Kabbaj,Othmane,othmane.kabbaj778@etu.uae.ac.ma,Gr_GDP_2
Bennai,Othmane,othmane.bennai779@etu.uae.ac.ma,Gr_GDP_2
Alami,Leila,leila.alami780@etu.uae.ac.ma,Gr_GDP_2
Bennani,Leila,leila.bennani781@etu.uae.ac.ma,Gr_GDP_2
Tazi,Leila,leila.tazi782@etu.uae.ac.ma,Gr_GDP_2
Idrissi,Leila,leila.idrissi783@etu.uae.ac.ma,Gr_GDP_2
Kettani,Leila,leila.kettani784@etu.uae.ac.ma,Gr_GDP_2
Amrani,Leila,leila.amrani785@etu.uae.ac.ma,Gr_GDP_2
Chraibi,Leila,leila.chraibi786@etu.uae.ac.ma,Gr_GDP_2
Fassi,Leila,leila.fassi787@etu.uae.ac.ma,Gr_GDP_2
Benjelloun,Leila,leila.benjelloun788@etu.uae.ac.ma,Gr_GDP_2
Sefrioui,Leila,leila.sefrioui789@etu.uae.ac.ma,Gr_GDP_2
Badri,Leila,leila.badri790@etu.uae.ac.ma,Gr_GDP_2
Zahraoui,Leila,leila.zahraoui791@etu.uae.ac.ma,Gr_GDP_2
Cherkaoui,Leila,leila.cherkaoui792@etu.uae.ac.ma,Gr_GDP_2
Mansouri,Leila,leila.mansouri793@etu.uae.ac.ma,Gr_GDP_2
Tounsi,Leila,leila.tounsi794@etu.uae.ac.ma,Gr_GDP_2
Hajji,Leila,leila.hajji795@etu.uae.ac.ma,Gr_GDP_2
Lahlou,Leila,leila.lahlou796@etu.uae.ac.ma,Gr_GDP_2
Bouzidi,Leila,leila.bouzidi797@etu.uae.ac.ma,Gr_GDP_2
Haddaoui,Leila,leila.haddaoui798@etu.uae.ac.ma,Gr_GDP_2
Naji,Leila,leila.naji799@etu.uae.ac.ma,Gr_GDP_2
Moussaoui,Leila,leila.moussaoui800@etu.uae.ac.ma,Gr_GDP_2
Berrada,Leila,leila.berrada801@etu.uae.ac.ma,GP_TAC
Filali,Leila,leila.filali802@etu.uae.ac.ma,GP_TAC
Kadiri,Leila,leila.kadiri803@etu.uae.ac.ma,GP_TAC
Ouazzani,Leila,leila.ouazzani804@etu.uae.ac.ma,GP_TAC
Senhaji,Leila,leila.senhaji805@etu.uae.ac.ma,GP_TAC
Benkirane,Leila,leila.benkirane806@etu.uae.ac.ma,GP_TAC
Tahiri,Leila,leila.tahiri807@etu.uae.ac.ma,GP_TAC
Kabbaj,Leila,leila.kabbaj808@etu.uae.ac.ma,GP_TAC
Bennai,Leila,leila.bennai809@etu.uae.ac.ma,GP_TAC
Alami,Brahim,brahim.alami810@etu.uae.ac.ma,GP_TAC
Bennani,Brahim,brahim.bennani811@etu.uae.ac.ma,GP_TAC
Tazi,Brahim,brahim.tazi812@etu.uae.ac.ma,GP_TAC
Idrissi,Brahim,brahim.idrissi813@etu.uae.ac.ma,GP_TAC
Kettani,Brahim,brahim.kettani814@etu.uae.ac.ma,GP_TAC
Amrani,Brahim,brahim.amrani815@etu.uae.ac.ma,GP_TAC
Chraibi,Brahim,brahim.chraibi816@etu.uae.ac.ma,GP_TAC
Fassi,Brahim,brahim.fassi817@etu.uae.ac.ma,GP_TAC
Benjelloun,Brahim,brahim.benjelloun818@etu.uae.ac.ma,GP_TAC
Sefrioui,Brahim,brahim.sefrioui819@etu.uae.ac.ma,GP_TAC
Badri,Brahim,brahim.badri820@etu.uae.ac.ma,GP_TAC
Zahraoui,Brahim,brahim.zahraoui821@etu.uae.ac.ma,GP_TAC
Cherkaoui,Brahim,brahim.cherkaoui822@etu.uae.ac.ma,GP_TAC
Mansouri,Brahim,brahim.mansouri823@etu.uae.ac.ma,GP_TAC
Tounsi,Brahim,brahim.tounsi824@etu.uae.ac.ma,GP_TAC
Hajji,Brahim,brahim.hajji825@etu.uae.ac.ma,GP_TAC
Lahlou,Brahim,brahim.lahlou826@etu.uae.ac.ma,GP_TAC
Bouzidi,Brahim,brahim.bouzidi827@etu.uae.ac.ma,GP_TAC
Haddaoui,Brahim,brahim.haddaoui828@etu.uae.ac.ma,GP_TAC
Naji,Brahim,brahim.naji829@etu.uae.ac.ma,GP_TAC
Moussaoui,Brahim,brahim.moussaoui830@etu.uae.ac.ma,GP_TAC
Berrada,Brahim,brahim.berrada831@etu.uae.ac.ma,GP_TAC
Filali,Brahim,brahim.filali832@etu.uae.ac.ma,GP_TAC
Kadiri,Brahim,brahim.kadiri833@etu.uae.ac.ma,GP_TAC
Ouazzani,Brahim,brahim.ouazzani834@etu.uae.ac.ma,GP_TAC
Senhaji,Brahim,brahim.senhaji835@etu.uae.ac.ma,GP_TAC
Benkirane,Brahim,brahim.benkirane836@etu.uae.ac.ma,GP_TAC
Tahiri,Brahim,brahim.tahiri837@etu.uae.ac.ma,GP_TAC
Kabbaj,Brahim,brahim.kabbaj838@etu.uae.ac.ma,GP_TAC
Bennai,Brahim,brahim.bennai839@etu.uae.ac.ma,GP_TAC
Alami,Salma,salma.alami840@etu.uae.ac.ma,GP_TAC
Bennani,Salma,salma.bennani841@etu.uae.ac.ma,GP_TAC
Tazi,Salma,salma.tazi842@etu.uae.ac.ma,GP_TAC
Idrissi,Salma,salma.idrissi843@etu.uae.ac.ma,GP_TAC
Kettani,Salma,salma.kettani844@etu.uae.ac.ma,GP_TAC
Amrani,Salma,salma.amrani845@etu.uae.ac.ma,GP_TAC
Chraibi,Salma,salma.chraibi846@etu.uae.ac.ma,GP_TAC
Fassi,Salma,salma.fassi847@etu.uae.ac.ma,GP_TAC
Benjelloun,Salma,salma.benjelloun848@etu.uae.ac.ma,GP_TAC
Sefrioui,Salma,salma.sefrioui849@etu.uae.ac.ma,GP_TAC
Badri,Salma,salma.badri850@etu.uae.ac.ma,GP_TAC
Zahraoui,Salma,salma.zahraoui851@etu.uae.ac.ma,Gr_TAC_1
Cherkaoui,Salma,salma.cherkaoui852@etu.uae.ac.ma,Gr_TAC_1
Mansouri,Salma,salma.mansouri853@etu.uae.ac.ma,Gr_TAC_1
Tounsi,Salma,salma.tounsi854@etu.uae.ac.ma,Gr_TAC_1
Hajji,Salma,salma.hajji855@etu.uae.ac.ma,Gr_TAC_1
Lahlou,Salma,salma.lahlou856@etu.uae.ac.ma,Gr_TAC_1
Bouzidi,Salma,salma.bouzidi857@etu.uae.ac.ma,Gr_TAC_1
Haddaoui,Salma,salma.haddaoui858@etu.uae.ac.ma,Gr_TAC_1
Naji,Salma,salma.naji859@etu.uae.ac.ma,Gr_TAC_1
Moussaoui,Salma,salma.moussaoui860@etu.uae.ac.ma,Gr_TAC_1
Berrada,Salma,salma.berrada861@etu.uae.ac.ma,Gr_TAC_1
Filali,Salma,salma.filali862@etu.uae.ac.ma,Gr_TAC_1
Kadiri,Salma,salma.kadiri863@etu.uae.ac.ma,Gr_TAC_1
Ouazzani,Salma,salma.ouazzani864@etu.uae.ac.ma,Gr_TAC_1
Senhaji,Salma,salma.senhaji865@etu.uae.ac.ma,Gr_TAC_1
Benkirane,Salma,salma.benkirane866@etu.uae.ac.ma,Gr_TAC_1
Tahiri,Salma,salma.tahiri867@etu.uae.ac.ma,Gr_TAC_1
Kabbaj,Salma,salma.kabbaj868@etu.uae.ac.ma,Gr_TAC_1
Bennai,Salma,salma.bennai869@etu.uae.ac.ma,Gr_TAC_1
Alami,Yassir,yassir.alami870@etu.uae.ac.ma,Gr_TAC_1
Bennani,Yassir,yassir.bennani871@etu.uae.ac.ma,Gr_TAC_1
Tazi,Yassir,yassir.tazi872@etu.uae.ac.ma,Gr_TAC_1
Idrissi,Yassir,yassir.idrissi873@etu.uae.ac.ma,Gr_TAC_1
Kettani,Yassir,yassir.kettani874@etu.uae.ac.ma,Gr_TAC_1
Amrani,Yassir,yassir.amrani875@etu.uae.ac.ma,Gr_TAC_1
Chraibi,Yassir,yassir.chraibi876@etu.uae.ac.ma,Gr_TAC_2
Fassi,Yassir,yassir.fassi877@etu.uae.ac.ma,Gr_TAC_2
Benjelloun,Yassir,yassir.benjelloun878@etu.uae.ac.ma,Gr_TAC_2
Sefrioui,Yassir,yassir.sefrioui879@etu.uae.ac.ma,Gr_TAC_2
Badri,Yassir,yassir.badri880@etu.uae.ac.ma,Gr_TAC_2
Zahraoui,Yassir,yassir.zahraoui881@etu.uae.ac.ma,Gr_TAC_2
Cherkaoui,Yassir,yassir.cherkaoui882@etu.uae.ac.ma,Gr_TAC_2
Mansouri,Yassir,yassir.mansouri883@etu.uae.ac.ma,Gr_TAC_2
Tounsi,Yassir,yassir.tounsi884@etu.uae.ac.ma,Gr_TAC_2
Hajji,Yassir,yassir.hajji885@etu.uae.ac.ma,Gr_TAC_2
Lahlou,Yassir,yassir.lahlou886@etu.uae.ac.ma,Gr_TAC_2
Bouzidi,Yassir,yassir.bouzidi887@etu.uae.ac.ma,Gr_TAC_2
Haddaoui,Yassir,yassir.haddaoui888@etu.uae.ac.ma,Gr_TAC_2
Naji,Yassir,yassir.naji889@etu.uae.ac.ma,Gr_TAC_2
Moussaoui,Yassir,yassir.moussaoui890@etu.uae.ac.ma,Gr_TAC_2
Berrada,Yassir,yassir.berrada891@etu.uae.ac.ma,Gr_TAC_2
Filali,Yassir,yassir.filali892@etu.uae.ac.ma,Gr_TAC_2
Kadiri,Yassir,yassir.kadiri893@etu.uae.ac.ma,Gr_TAC_2
Ouazzani,Yassir,yassir.ouazzani894@etu.uae.ac.ma,Gr_TAC_2
Senhaji,Yassir,yassir.senhaji895@etu.uae.ac.ma,Gr_TAC_2
Benkirane,Yassir,yassir.benkirane896@etu.uae.ac.ma,Gr_TAC_2
Tahiri,Yassir,yassir.tahiri897@etu.uae.ac.ma,Gr_TAC_2
Kabbaj,Yassir,yassir.kabbaj898@etu.uae.ac.ma,Gr_TAC_2
Bennai,Yassir,yassir.bennai899@etu.uae.ac.ma,Gr_TAC_2
Alami,Mohammed,mohammed.alami900@etu.uae.ac.ma,Gr_TAC_2
Bennani,Mohammed,mohammed.bennani901@etu.uae.ac.ma,GP_RRN
Tazi,Mohammed,mohammed.tazi902@etu.uae.ac.ma,GP_RRN
Idrissi,Mohammed,mohammed.idrissi903@etu.uae.ac.ma,GP_RRN
Kettani,Mohammed,mohammed.kettani904@etu.uae.ac.ma,GP_RRN
Amrani,Mohammed,mohammed.amrani905@etu.uae.ac.ma,GP_RRN
Chraibi,Mohammed,mohammed.chraibi906@etu.uae.ac.ma,GP_RRN
Fassi,Mohammed,mohammed.fassi907@etu.uae.ac.ma,GP_RRN
Benjelloun,Mohammed,mohammed.benjelloun908@etu.uae.ac.ma,GP_RRN
Sefrioui,Mohammed,mohammed.sefrioui909@etu.uae.ac.ma,GP_RRN
Badri,Mohammed,mohammed.badri910@etu.uae.ac.ma,GP_RRN
Zahraoui,Mohammed,mohammed.zahraoui911@etu.uae.ac.ma,GP_RRN
Cherkaoui,Mohammed,mohammed.cherkaoui912@etu.uae.ac.ma,GP_RRN
Mansouri,Mohammed,mohammed.mansouri913@etu.uae.ac.ma,GP_RRN
Tounsi,Mohammed,mohammed.tounsi914@etu.uae.ac.ma,GP_RRN
Hajji,Mohammed,mohammed.hajji915@etu.uae.ac.ma,GP_RRN
Lahlou,Mohammed,mohammed.lahlou916@etu.uae.ac.ma,GP_RRN
Bouzidi,Mohammed,mohammed.bouzidi917@etu.uae.ac.ma,GP_RRN
Haddaoui,Mohammed,mohammed.haddaoui918@etu.uae.ac.ma,GP_RRN
Naji,Mohammed,mohammed.naji919@etu.uae.ac.ma,GP_RRN
Moussaoui,Mohammed,mohammed.moussaoui920@etu.uae.ac.ma,GP_RRN
Berrada,Mohammed,mohammed.berrada921@etu.uae.ac.ma,GP_RRN
Filali,Mohammed,mohammed.filali922@etu.uae.ac.ma,GP_RRN
Kadiri,Mohammed,mohammed.kadiri923@etu.uae.ac.ma,GP_RRN
Ouazzani,Mohammed,mohammed.ouazzani924@etu.uae.ac.ma,GP_RRN
Senhaji,Mohammed,mohammed.senhaji925@etu.uae.ac.ma,GP_RRN
Benkirane,Mohammed,mohammed.benkirane926@etu.uae.ac.ma,GP_RRN
Tahiri,Mohammed,mohammed.tahiri927@etu.uae.ac.ma,GP_RRN
Kabbaj,Mohammed,mohammed.kabbaj928@etu.uae.ac.ma,GP_RRN
Bennai,Mohammed,mohammed.bennai929@etu.uae.ac.ma,GP_RRN
Alami,Fatima,fatima.alami930@etu.uae.ac.ma,GP_RRN
Bennani,Fatima,fatima.bennani931@etu.uae.ac.ma,GP_RRN
Tazi,Fatima,fatima.tazi932@etu.uae.ac.ma,GP_RRN
Idrissi,Fatima,fatima.idrissi933@etu.uae.ac.ma,GP_RRN
Kettani,Fatima,fatima.kettani934@etu.uae.ac.ma,GP_RRN
Amrani,Fatima,fatima.amrani935@etu.uae.ac.ma,GP_RRN
Chraibi,Fatima,fatima.chraibi936@etu.uae.ac.ma,GP_RRN
Fassi,Fatima,fatima.fassi937@etu.uae.ac.ma,GP_RRN
Benjelloun,Fatima,fatima.benjelloun938@etu.uae.ac.ma,GP_RRN
Sefrioui,Fatima,fatima.sefrioui939@etu.uae.ac.ma,GP_RRN
Badri,Fatima,fatima.badri940@etu.uae.ac.ma,GP_RRN
Zahraoui,Fatima,fatima.zahraoui941@etu.uae.ac.ma,GP_RRN
Cherkaoui,Fatima,fatima.cherkaoui942@etu.uae.ac.ma,GP_RRN
Mansouri,Fatima,fatima.mansouri943@etu.uae.ac.ma,GP_RRN
Tounsi,Fatima,fatima.tounsi944@etu.uae.ac.ma,GP_RRN
Hajji,Fatima,fatima.hajji945@etu.uae.ac.ma,GP_RRN
Lahlou,Fatima,fatima.lahlou946@etu.uae.ac.ma,GP_RRN
Bouzidi,Fatima,fatima.bouzidi947@etu.uae.ac.ma,GP_RRN
Haddaoui,Fatima,fatima.haddaoui948@etu.uae.ac.ma,GP_RRN
Naji,Fatima,fatima.naji949@etu.uae.ac.ma,GP_RRN
Moussaoui,Fatima,fatima.moussaoui950@etu.uae.ac.ma,GP_RRN
Berrada,Fatima,fatima.berrada951@etu.uae.ac.ma,Gr_RRN_1
Filali,Fatima,fatima.filali952@etu.uae.ac.ma,Gr_RRN_1
Kadiri,Fatima,fatima.kadiri953@etu.uae.ac.ma,Gr_RRN_1
Ouazzani,Fatima,fatima.ouazzani954@etu.uae.ac.ma,Gr_RRN_1
Senhaji,Fatima,fatima.senhaji955@etu.uae.ac.ma,Gr_RRN_1
Benkirane,Fatima,fatima.benkirane956@etu.uae.ac.ma,Gr_RRN_1
Tahiri,Fatima,fatima.tahiri957@etu.uae.ac.ma,Gr_RRN_1
Kabbaj,Fatima,fatima.kabbaj958@etu.uae.ac.ma,Gr_RRN_1
Bennai,Fatima,fatima.bennai959@etu.uae.ac.ma,Gr_RRN_1
Alami,Ahmed,ahmed.alami960@etu.uae.ac.ma,Gr_RRN_1
Bennani,Ahmed,ahmed.bennani961@etu.uae.ac.ma,Gr_RRN_1
Tazi,Ahmed,ahmed.tazi962@etu.uae.ac.ma,Gr_RRN_1
Idrissi,Ahmed,ahmed.idrissi963@etu.uae.ac.ma,Gr_RRN_1
Kettani,Ahmed,ahmed.kettani964@etu.uae.ac.ma,Gr_RRN_1
Amrani,Ahmed,ahmed.amrani965@etu.uae.ac.ma,Gr_RRN_1
Chraibi,Ahmed,ahmed.chraibi966@etu.uae.ac.ma,Gr_RRN_1
Fassi,Ahmed,ahmed.fassi967@etu.uae.ac.ma,Gr_RRN_1
Benjelloun,Ahmed,ahmed.benjelloun968@etu.uae.ac.ma,Gr_RRN_1
Sefrioui,Ahmed,ahmed.sefrioui969@etu.uae.ac.ma,Gr_RRN_1
Badri,Ahmed,ahmed.badri970@etu.uae.ac.ma,Gr_RRN_1
Zahraoui,Ahmed,ahmed.zahraoui971@etu.uae.ac.ma,Gr_RRN_1
Cherkaoui,Ahmed,ahmed.cherkaoui972@etu.uae.ac.ma,Gr_RRN_1
Mansouri,Ahmed,ahmed.mansouri973@etu.uae.ac.ma,Gr_RRN_1
Tounsi,Ahmed,ahmed.tounsi974@etu.uae.ac.ma,Gr_RRN_1
Hajji,Ahmed,ahmed.hajji975@etu.uae.ac.ma,Gr_RRN_1
Lahlou,Ahmed,ahmed.lahlou976@etu.uae.ac.ma,Gr_RRN_2
Bouzidi,Ahmed,ahmed.bouzidi977@etu.uae.ac.ma,Gr_RRN_2
Haddaoui,Ahmed,ahmed.haddaoui978@etu.uae.ac.ma,Gr_RRN_2
Naji,Ahmed,ahmed.naji979@etu.uae.ac.ma,Gr_RRN_2
Moussaoui,Ahmed,ahmed.moussaoui980@etu.uae.ac.ma,Gr_RRN_2
Berrada,Ahmed,ahmed.berrada981@etu.uae.ac.ma,Gr_RRN_2
Filali,Ahmed,ahmed.filali982@etu.uae.ac.ma,Gr_RRN_2
Kadiri,Ahmed,ahmed.kadiri983@etu.uae.ac.ma,Gr_RRN_2
Ouazzani,Ahmed,ahmed.ouazzani984@etu.uae.ac.ma,Gr_RRN_2
Senhaji,Ahmed,ahmed.senhaji985@etu.uae.ac.ma,Gr_RRN_2
Benkirane,Ahmed,ahmed.benkirane986@etu.uae.ac.ma,Gr_RRN_2
Tahiri,Ahmed,ahmed.tahiri987@etu.uae.ac.ma,Gr_RRN_2
Kabbaj,Ahmed,ahmed.kabbaj988@etu.uae.ac.ma,Gr_RRN_2
Bennai,Ahmed,ahmed.bennai989@etu.uae.ac.ma,Gr_RRN_2
Alami,Sara,sara.alami990@etu.uae.ac.ma,Gr_RRN_2
Bennani,Sara,sara.bennani991@etu.uae.ac.ma,Gr_RRN_2
Tazi,Sara,sara.tazi992@etu.uae.ac.ma,Gr_RRN_2
Idrissi,Sara,sara.idrissi993@etu.uae.ac.ma,Gr_RRN_2
Kettani,Sara,sara.kettani994@etu.uae.ac.ma,Gr_RRN_2
Amrani,Sara,sara.amrani995@etu.uae.ac.ma,Gr_RRN_2
Chraibi,Sara,sara.chraibi996@etu.uae.ac.ma,Gr_RRN_2
Fassi,Sara,sara.fassi997@etu.uae.ac.ma,Gr_RRN_2
Benjelloun,Sara,sara.benjelloun998@etu.uae.ac.ma,Gr_RRN_2
Sefrioui,Sara,sara.sefrioui999@etu.uae.ac.ma,Gr_RRN_2
Badri,Sara,sara.badri1000@etu.uae.ac.ma,Gr_RRN_2
Zahraoui,Sara,sara.zahraoui1001@etu.uae.ac.ma,GP_GESI
Cherkaoui,Sara,sara.cherkaoui1002@etu.uae.ac.ma,GP_GESI
Mansouri,Sara,sara.mansouri1003@etu.uae.ac.ma,GP_GESI
Tounsi,Sara,sara.tounsi1004@etu.uae.ac.ma,GP_GESI
Hajji,Sara,sara.hajji1005@etu.uae.ac.ma,GP_GESI
Lahlou,Sara,sara.lahlou1006@etu.uae.ac.ma,GP_GESI
Bouzidi,Sara,sara.bouzidi1007@etu.uae.ac.ma,GP_GESI
Haddaoui,Sara,sara.haddaoui1008@etu.uae.ac.ma,GP_GESI
Naji,Sara,sara.naji1009@etu.uae.ac.ma,GP_GESI
Moussaoui,Sara,sara.moussaoui1010@etu.uae.ac.ma,GP_GESI
Berrada,Sara,sara.berrada1011@etu.uae.ac.ma,GP_GESI
Filali,Sara,sara.filali1012@etu.uae.ac.ma,GP_GESI
Kadiri,Sara,sara.kadiri1013@etu.uae.ac.ma,GP_GESI
Ouazzani,Sara,sara.ouazzani1014@etu.uae.ac.ma,GP_GESI
Senhaji,Sara,sara.senhaji1015@etu.uae.ac.ma,GP_GESI
Benkirane,Sara,sara.benkirane1016@etu.uae.ac.ma,GP_GESI
Tahiri,Sara,sara.tahiri1017@etu.uae.ac.ma,GP_GESI
Kabbaj,Sara,sara.kabbaj1018@etu.uae.ac.ma,GP_GESI
Bennai,Sara,sara.bennai1019@etu.uae.ac.ma,GP_GESI
Alami,Karim,karim.alami1020@etu.uae.ac.ma,GP_GESI
Bennani,Karim,karim.bennani1021@etu.uae.ac.ma,GP_GESI
Tazi,Karim,karim.tazi1022@etu.uae.ac.ma,GP_GESI
Idrissi,Karim,karim.idrissi1023@etu.uae.ac.ma,GP_GESI
Kettani,Karim,karim.kettani1024@etu.uae.ac.ma,GP_GESI
Amrani,Karim,karim.amrani1025@etu.uae.ac.ma,GP_GESI
Chraibi,Karim,karim.chraibi1026@etu.uae.ac.ma,GP_GESI
Fassi,Karim,karim.fassi1027@etu.uae.ac.ma,GP_GESI
Benjelloun,Karim,karim.benjelloun1028@etu.uae.ac.ma,GP_GESI
Sefrioui,Karim,karim.sefrioui1029@etu.uae.ac.ma,GP_GESI
Badri,Karim,karim.badri1030@etu.uae.ac.ma,GP_GESI
Zahraoui,Karim,karim.zahraoui1031@etu.uae.ac.ma,GP_GESI
Cherkaoui,Karim,karim.cherkaoui1032@etu.uae.ac.ma,GP_GESI
Mansouri,Karim,karim.mansouri1033@etu.uae.ac.ma,GP_GESI
Tounsi,Karim,karim.tounsi1034@etu.uae.ac.ma,GP_GESI
Hajji,Karim,karim.hajji1035@etu.uae.ac.ma,GP_GESI
Lahlou,Karim,karim.lahlou1036@etu.uae.ac.ma,GP_GESI
Bouzidi,Karim,karim.bouzidi1037@etu.uae.ac.ma,GP_GESI
Haddaoui,Karim,karim.haddaoui1038@etu.uae.ac.ma,GP_GESI
Naji,Karim,karim.naji1039@etu.uae.ac.ma,GP_GESI
Moussaoui,Karim,karim.moussaoui1040@etu.uae.ac.ma,GP_GESI
Berrada,Karim,karim.berrada1041@etu.uae.ac.ma,GP_GESI
Filali,Karim,karim.filali1042@etu.uae.ac.ma,GP_GESI
Kadiri,Karim,karim.kadiri1043@etu.uae.ac.ma,GP_GESI
Ouazzani,Karim,karim.ouazzani1044@etu.uae.ac.ma,GP_GESI
Senhaji,Karim,karim.senhaji1045@etu.uae.ac.ma,GP_GESI
Benkirane,Karim,karim.benkirane1046@etu.uae.ac.ma,GP_GESI
Tahiri,Karim,karim.tahiri1047@etu.uae.ac.ma,GP_GESI
Kabbaj,Karim,karim.kabbaj1048@etu.uae.ac.ma,GP_GESI
Bennai,Karim,karim.bennai1049@etu.uae.ac.ma,GP_GESI
Alami,Youssef,youssef.alami1050@etu.uae.ac.ma,GP_GESI
Bennani,Youssef,youssef.bennani1051@etu.uae.ac.ma,Gr_GESI_1
Tazi,Youssef,youssef.tazi1052@etu.uae.ac.ma,Gr_GESI_1
Idrissi,Youssef,youssef.idrissi1053@etu.uae.ac.ma,Gr_GESI_1
Kettani,Youssef,youssef.kettani1054@etu.uae.ac.ma,Gr_GESI_1
Amrani,Youssef,youssef.amrani1055@etu.uae.ac.ma,Gr_GESI_1
Chraibi,Youssef,youssef.chraibi1056@etu.uae.ac.ma,Gr_GESI_1
Fassi,Youssef,youssef.fassi1057@etu.uae.ac.ma,Gr_GESI_1
Benjelloun,Youssef,youssef.benjelloun1058@etu.uae.ac.ma,Gr_GESI_1
Sefrioui,Youssef,youssef.sefrioui1059@etu.uae.ac.ma,Gr_GESI_1
Badri,Youssef,youssef.badri1060@etu.uae.ac.ma,Gr_GESI_1
Zahraoui,Youssef,youssef.zahraoui1061@etu.uae.ac.ma,Gr_GESI_1
Cherkaoui,Youssef,youssef.cherkaoui1062@etu.uae.ac.ma,Gr_GESI_1
Mansouri,Youssef,youssef.mansouri1063@etu.uae.ac.ma,Gr_GESI_1
Tounsi,Youssef,youssef.tounsi1064@etu.uae.ac.ma,Gr_GESI_1
Hajji,Youssef,youssef.hajji1065@etu.uae.ac.ma,Gr_GESI_1
Lahlou,Youssef,youssef.lahlou1066@etu.uae.ac.ma,Gr_GESI_1
Bouzidi,Youssef,youssef.bouzidi1067@etu.uae.ac.ma,Gr_GESI_1
Haddaoui,Youssef,youssef.haddaoui1068@etu.uae.ac.ma,Gr_GESI_1
Naji,Youssef,youssef.naji1069@etu.uae.ac.ma,Gr_GESI_1
Moussaoui,Youssef,youssef.moussaoui1070@etu.uae.ac.ma,Gr_GESI_1
Berrada,Youssef,youssef.berrada1071@etu.uae.ac.ma,Gr_GESI_1
Filali,Youssef,youssef.filali1072@etu.uae.ac.ma,Gr_GESI_1
Kadiri,Youssef,youssef.kadiri1073@etu.uae.ac.ma,Gr_GESI_1
Ouazzani,Youssef,youssef.ouazzani1074@etu.uae.ac.ma,Gr_GESI_1
Senhaji,Youssef,youssef.senhaji1075@etu.uae.ac.ma,Gr_GESI_1
Benkirane,Youssef,youssef.benkirane1076@etu.uae.ac.ma,Gr_GESI_2
Tahiri,Youssef,youssef.tahiri1077@etu.uae.ac.ma,Gr_GESI_2
Kabbaj,Youssef,youssef.kabbaj1078@etu.uae.ac.ma,Gr_GESI_2
Bennai,Youssef,youssef.bennai1079@etu.uae.ac.ma,Gr_GESI_2
Alami,Laila,laila.alami1080@etu.uae.ac.ma,Gr_GESI_2
Bennani,Laila,laila.bennani1081@etu.uae.ac.ma,Gr_GESI_2
Tazi,Laila,laila.tazi1082@etu.uae.ac.ma,Gr_GESI_2
Idrissi,Laila,laila.idrissi1083@etu.uae.ac.ma,Gr_GESI_2
Kettani,Laila,laila.kettani1084@etu.uae.ac.ma,Gr_GESI_2
Amrani,Laila,laila.amrani1085@etu.uae.ac.ma,Gr_GESI_2
Chraibi,Laila,laila.chraibi1086@etu.uae.ac.ma,Gr_GESI_2
Fassi,Laila,laila.fassi1087@etu.uae.ac.ma,Gr_GESI_2
Benjelloun,Laila,laila.benjelloun1088@etu.uae.ac.ma,Gr_GESI_2
Sefrioui,Laila,laila.sefrioui1089@etu.uae.ac.ma,Gr_GESI_2
Badri,Laila,laila.badri1090@etu.uae.ac.ma,Gr_GESI_2
Zahraoui,Laila,laila.zahraoui1091@etu.uae.ac.ma,Gr_GESI_2
Cherkaoui,Laila,laila.cherkaoui1092@etu.uae.ac.ma,Gr_GESI_2
Mansouri,Laila,laila.mansouri1093@etu.uae.ac.ma,Gr_GESI_2
Tounsi,Laila,laila.tounsi1094@etu.uae.ac.ma,Gr_GESI_2
Hajji,Laila,laila.hajji1095@etu.uae.ac.ma,Gr_GESI_2
Lahlou,Laila,laila.lahlou1096@etu.uae.ac.ma,Gr_GESI_2
Bouzidi,Laila,laila.bouzidi1097@etu.uae.ac.ma,Gr_GESI_2
Haddaoui,Laila,laila.haddaoui1098@etu.uae.ac.ma,Gr_GESI_2
Naji,Laila,laila.naji1099@etu.uae.ac.ma,Gr_GESI_2
Moussaoui,Laila,laila.moussaoui1100@etu.uae.ac.ma,Gr_GESI_2
Berrada,Laila,laila.berrada1101@etu.uae.ac.ma,GP_GIN
Filali,Laila,laila.filali1102@etu.uae.ac.ma,GP_GIN
Kadiri,Laila,laila.kadiri1103@etu.uae.ac.ma,GP_GIN
Ouazzani,Laila,laila.ouazzani1104@etu.uae.ac.ma,GP_GIN
Senhaji,Laila,laila.senhaji1105@etu.uae.ac.ma,GP_GIN
Benkirane,Laila,laila.benkirane1106@etu.uae.ac.ma,GP_GIN
Tahiri,Laila,laila.tahiri1107@etu.uae.ac.ma,GP_GIN
Kabbaj,Laila,laila.kabbaj1108@etu.uae.ac.ma,GP_GIN
Bennai,Laila,laila.bennai1109@etu.uae.ac.ma,GP_GIN
Alami,Omar,omar.alami1110@etu.uae.ac.ma,GP_GIN
Bennani,Omar,omar.bennani1111@etu.uae.ac.ma,GP_GIN
Tazi,Omar,omar.tazi1112@etu.uae.ac.ma,GP_GIN
Idrissi,Omar,omar.idrissi1113@etu.uae.ac.ma,GP_GIN
Kettani,Omar,omar.kettani1114@etu.uae.ac.ma,GP_GIN
Amrani,Omar,omar.amrani1115@etu.uae.ac.ma,GP_GIN
Chraibi,Omar,omar.chraibi1116@etu.uae.ac.ma,GP_GIN
Fassi,Omar,omar.fassi1117@etu.uae.ac.ma,GP_GIN
Benjelloun,Omar,omar.benjelloun1118@etu.uae.ac.ma,GP_GIN
Sefrioui,Omar,omar.sefrioui1119@etu.uae.ac.ma,GP_GIN
Badri,Omar,omar.badri1120@etu.uae.ac.ma,GP_GIN
Zahraoui,Omar,omar.zahraoui1121@etu.uae.ac.ma,GP_GIN
Cherkaoui,Omar,omar.cherkaoui1122@etu.uae.ac.ma,GP_GIN
Mansouri,Omar,omar.mansouri1123@etu.uae.ac.ma,GP_GIN
Tounsi,Omar,omar.tounsi1124@etu.uae.ac.ma,GP_GIN
Hajji,Omar,omar.hajji1125@etu.uae.ac.ma,GP_GIN
Lahlou,Omar,omar.lahlou1126@etu.uae.ac.ma,GP_GIN
Bouzidi,Omar,omar.bouzidi1127@etu.uae.ac.ma,GP_GIN
Haddaoui,Omar,omar.haddaoui1128@etu.uae.ac.ma,GP_GIN
Naji,Omar,omar.naji1129@etu.uae.ac.ma,GP_GIN
Moussaoui,Omar,omar.moussaoui1130@etu.uae.ac.ma,GP_GIN
Berrada,Omar,omar.berrada1131@etu.uae.ac.ma,GP_GIN
Filali,Omar,omar.filali1132@etu.uae.ac.ma,GP_GIN
Kadiri,Omar,omar.kadiri1133@etu.uae.ac.ma,GP_GIN
Ouazzani,Omar,omar.ouazzani1134@etu.uae.ac.ma,GP_GIN
Senhaji,Omar,omar.senhaji1135@etu.uae.ac.ma,GP_GIN
Benkirane,Omar,omar.benkirane1136@etu.uae.ac.ma,GP_GIN
Tahiri,Omar,omar.tahiri1137@etu.uae.ac.ma,GP_GIN
Kabbaj,Omar,omar.kabbaj1138@etu.uae.ac.ma,GP_GIN
Bennai,Omar,omar.bennai1139@etu.uae.ac.ma,GP_GIN
Alami,Nadia,nadia.alami1140@etu.uae.ac.ma,GP_GIN
Bennani,Nadia,nadia.bennani1141@etu.uae.ac.ma,GP_GIN
Tazi,Nadia,nadia.tazi1142@etu.uae.ac.ma,GP_GIN
Idrissi,Nadia,nadia.idrissi1143@etu.uae.ac.ma,GP_GIN
Kettani,Nadia,nadia.kettani1144@etu.uae.ac.ma,GP_GIN
Amrani,Nadia,nadia.amrani1145@etu.uae.ac.ma,GP_GIN
Chraibi,Nadia,nadia.chraibi1146@etu.uae.ac.ma,GP_GIN
Fassi,Nadia,nadia.fassi1147@etu.uae.ac.ma,GP_GIN
Benjelloun,Nadia,nadia.benjelloun1148@etu.uae.ac.ma,GP_GIN
Sefrioui,Nadia,nadia.sefrioui1149@etu.uae.ac.ma,GP_GIN
Badri,Nadia,nadia.badri1150@etu.uae.ac.ma,GP_GIN
Zahraoui,Nadia,nadia.zahraoui1151@etu.uae.ac.ma,Gr_GIN_1
Cherkaoui,Nadia,nadia.cherkaoui1152@etu.uae.ac.ma,Gr_GIN_1
Mansouri,Nadia,nadia.mansouri1153@etu.uae.ac.ma,Gr_GIN_1
Tounsi,Nadia,nadia.tounsi1154@etu.uae.ac.ma,Gr_GIN_1
Hajji,Nadia,nadia.hajji1155@etu.uae.ac.ma,Gr_GIN_1
Lahlou,Nadia,nadia.lahlou1156@etu.uae.ac.ma,Gr_GIN_1
Bouzidi,Nadia,nadia.bouzidi1157@etu.uae.ac.ma,Gr_GIN_1
Haddaoui,Nadia,nadia.haddaoui1158@etu.uae.ac.ma,Gr_GIN_1
Naji,Nadia,nadia.naji1159@etu.uae.ac.ma,Gr_GIN_1
Moussaoui,Nadia,nadia.moussaoui1160@etu.uae.ac.ma,Gr_GIN_1
Berrada,Nadia,nadia.berrada1161@etu.uae.ac.ma,Gr_GIN_1
Filali,Nadia,nadia.filali1162@etu.uae.ac.ma,Gr_GIN_1
Kadiri,Nadia,nadia.kadiri1163@etu.uae.ac.ma,Gr_GIN_1
Ouazzani,Nadia,nadia.ouazzani1164@etu.uae.ac.ma,Gr_GIN_1
Senhaji,Nadia,nadia.senhaji1165@etu.uae.ac.ma,Gr_GIN_1
Benkirane,Nadia,nadia.benkirane1166@etu.uae.ac.ma,Gr_GIN_1
Tahiri,Nadia,nadia.tahiri1167@etu.uae.ac.ma,Gr_GIN_1
Kabbaj,Nadia,nadia.kabbaj1168@etu.uae.ac.ma,Gr_GIN_1
Bennai,Nadia,nadia.bennai1169@etu.uae.ac.ma,Gr_GIN_1
Alami,Hassan,hassan.alami1170@etu.uae.ac.ma,Gr_GIN_1
Bennani,Hassan,hassan.bennani1171@etu.uae.ac.ma,Gr_GIN_1
Tazi,Hassan,hassan.tazi1172@etu.uae.ac.ma,Gr_GIN_1
Idrissi,Hassan,hassan.idrissi1173@etu.uae.ac.ma,Gr_GIN_1
Kettani,Hassan,hassan.kettani1174@etu.uae.ac.ma,Gr_GIN_1
Amrani,Hassan,hassan.amrani1175@etu.uae.ac.ma,Gr_GIN_1
Chraibi,Hassan,hassan.chraibi1176@etu.uae.ac.ma,Gr_GIN_2
Fassi,Hassan,hassan.fassi1177@etu.uae.ac.ma,Gr_GIN_2
Benjelloun,Hassan,hassan.benjelloun1178@etu.uae.ac.ma,Gr_GIN_2
Sefrioui,Hassan,hassan.sefrioui1179@etu.uae.ac.ma,Gr_GIN_2
Badri,Hassan,hassan.badri1180@etu.uae.ac.ma,Gr_GIN_2
Zahraoui,Hassan,hassan.zahraoui1181@etu.uae.ac.ma,Gr_GIN_2
Cherkaoui,Hassan,hassan.cherkaoui1182@etu.uae.ac.ma,Gr_GIN_2
Mansouri,Hassan,hassan.mansouri1183@etu.uae.ac.ma,Gr_GIN_2
Tounsi,Hassan,hassan.tounsi1184@etu.uae.ac.ma,Gr_GIN_2
Hajji,Hassan,hassan.hajji1185@etu.uae.ac.ma,Gr_GIN_2
Lahlou,Hassan,hassan.lahlou1186@etu.uae.ac.ma,Gr_GIN_2
Bouzidi,Hassan,hassan.bouzidi1187@etu.uae.ac.ma,Gr_GIN_2
Haddaoui,Hassan,hassan.haddaoui1188@etu.uae.ac.ma,Gr_GIN_2
Naji,Hassan,hassan.naji1189@etu.uae.ac.ma,Gr_GIN_2
Moussaoui,Hassan,hassan.moussaoui1190@etu.uae.ac.ma,Gr_GIN_2
Berrada,Hassan,hassan.berrada1191@etu.uae.ac.ma,Gr_GIN_2
Filali,Hassan,hassan.filali1192@etu.uae.ac.ma,Gr_GIN_2
Kadiri,Hassan,hassan.kadiri1193@etu.uae.ac.ma,Gr_GIN_2
Ouazzani,Hassan,hassan.ouazzani1194@etu.uae.ac.ma,Gr_GIN_2
Senhaji,Hassan,hassan.senhaji1195@etu.uae.ac.ma,Gr_GIN_2
Benkirane,Hassan,hassan.benkirane1196@etu.uae.ac.ma,Gr_GIN_2
Tahiri,Hassan,hassan.tahiri1197@etu.uae.ac.ma,Gr_GIN_2
Kabbaj,Hassan,hassan.kabbaj1198@etu.uae.ac.ma,Gr_GIN_2
Bennai,Hassan,hassan.bennai1199@etu.uae.ac.ma,Gr_GIN_2
Alami,Meryem,meryem.alami1200@etu.uae.ac.ma,Gr_GIN_2
Bennani,Meryem,meryem.bennani1201@etu.uae.ac.ma,GP_DIP
Tazi,Meryem,meryem.tazi1202@etu.uae.ac.ma,GP_DIP
Idrissi,Meryem,meryem.idrissi1203@etu.uae.ac.ma,GP_DIP
Kettani,Meryem,meryem.kettani1204@etu.uae.ac.ma,GP_DIP
Amrani,Meryem,meryem.amrani1205@etu.uae.ac.ma,GP_DIP
Chraibi,Meryem,meryem.chraibi1206@etu.uae.ac.ma,GP_DIP
Fassi,Meryem,meryem.fassi1207@etu.uae.ac.ma,GP_DIP
Benjelloun,Meryem,meryem.benjelloun1208@etu.uae.ac.ma,GP_DIP
Sefrioui,Meryem,meryem.sefrioui1209@etu.uae.ac.ma,GP_DIP
Badri,Meryem,meryem.badri1210@etu.uae.ac.ma,GP_DIP
Zahraoui,Meryem,meryem.zahraoui1211@etu.uae.ac.ma,GP_DIP
Cherkaoui,Meryem,meryem.cherkaoui1212@etu.uae.ac.ma,GP_DIP
Mansouri,Meryem,meryem.mansouri1213@etu.uae.ac.ma,GP_DIP
Tounsi,Meryem,meryem.tounsi1214@etu.uae.ac.ma,GP_DIP
Hajji,Meryem,meryem.hajji1215@etu.uae.ac.ma,GP_DIP
Lahlou,Meryem,meryem.lahlou1216@etu.uae.ac.ma,GP_DIP
Bouzidi,Meryem,meryem.bouzidi1217@etu.uae.ac.ma,GP_DIP
Haddaoui,Meryem,meryem.haddaoui1218@etu.uae.ac.ma,GP_DIP
Naji,Meryem,meryem.naji1219@etu.uae.ac.ma,GP_DIP
Moussaoui,Meryem,meryem.moussaoui1220@etu.uae.ac.ma,GP_DIP
Berrada,Meryem,meryem.berrada1221@etu.uae.ac.ma,GP_DIP
Filali,Meryem,meryem.filali1222@etu.uae.ac.ma,GP_DIP
Kadiri,Meryem,meryem.kadiri1223@etu.uae.ac.ma,GP_DIP
Ouazzani,Meryem,meryem.ouazzani1224@etu.uae.ac.ma,GP_DIP
Senhaji,Meryem,meryem.senhaji1225@etu.uae.ac.ma,GP_DIP
Benkirane,Meryem,meryem.benkirane1226@etu.uae.ac.ma,GP_DIP
Tahiri,Meryem,meryem.tahiri1227@etu.uae.ac.ma,GP_DIP
Kabbaj,Meryem,meryem.kabbaj1228@etu.uae.ac.ma,GP_DIP
Bennai,Meryem,meryem.bennai1229@etu.uae.ac.ma,GP_DIP
Alami,Rachid,rachid.alami1230@etu.uae.ac.ma,GP_DIP
Bennani,Rachid,rachid.bennani1231@etu.uae.ac.ma,GP_DIP
Tazi,Rachid,rachid.tazi1232@etu.uae.ac.ma,GP_DIP
Idrissi,Rachid,rachid.idrissi1233@etu.uae.ac.ma,GP_DIP
Kettani,Rachid,rachid.kettani1234@etu.uae.ac.ma,GP_DIP
Amrani,Rachid,rachid.amrani1235@etu.uae.ac.ma,GP_DIP
Chraibi,Rachid,rachid.chraibi1236@etu.uae.ac.ma,GP_DIP
Fassi,Rachid,rachid.fassi1237@etu.uae.ac.ma,GP_DIP
Benjelloun,Rachid,rachid.benjelloun1238@etu.uae.ac.ma,GP_DIP
Sefrioui,Rachid,rachid.sefrioui1239@etu.uae.ac.ma,GP_DIP
Badri,Rachid,rachid.badri1240@etu.uae.ac.ma,GP_DIP
Zahraoui,Rachid,rachid.zahraoui1241@etu.uae.ac.ma,GP_DIP
Cherkaoui,Rachid,rachid.cherkaoui1242@etu.uae.ac.ma,GP_DIP
Mansouri,Rachid,rachid.mansouri1243@etu.uae.ac.ma,GP_DIP
Tounsi,Rachid,rachid.tounsi1244@etu.uae.ac.ma,GP_DIP
Hajji,Rachid,rachid.hajji1245@etu.uae.ac.ma,GP_DIP
Lahlou,Rachid,rachid.lahlou1246@etu.uae.ac.ma,GP_DIP
Bouzidi,Rachid,rachid.bouzidi1247@etu.uae.ac.ma,GP_DIP
Haddaoui,Rachid,rachid.haddaoui1248@etu.uae.ac.ma,GP_DIP
Naji,Rachid,rachid.naji1249@etu.uae.ac.ma,GP_DIP
Moussaoui,Rachid,rachid.moussaoui1250@etu.uae.ac.ma,GP_DIP
Berrada,Rachid,rachid.berrada1251@etu.uae.ac.ma,Gr_DIP_1
Filali,Rachid,rachid.filali1252@etu.uae.ac.ma,Gr_DIP_1
Kadiri,Rachid,rachid.kadiri1253@etu.uae.ac.ma,Gr_DIP_1
Ouazzani,Rachid,rachid.ouazzani1254@etu.uae.ac.ma,Gr_DIP_1
Senhaji,Rachid,rachid.senhaji1255@etu.uae.ac.ma,Gr_DIP_1
Benkirane,Rachid,rachid.benkirane1256@etu.uae.ac.ma,Gr_DIP_1
Tahiri,Rachid,rachid.tahiri1257@etu.uae.ac.ma,Gr_DIP_1
Kabbaj,Rachid,rachid.kabbaj1258@etu.uae.ac.ma,Gr_DIP_1
Bennai,Rachid,rachid.bennai1259@etu.uae.ac.ma,Gr_DIP_1
Alami,Samira,samira.alami1260@etu.uae.ac.ma,Gr_DIP_1
Bennani,Samira,samira.bennani1261@etu.uae.ac.ma,Gr_DIP_1
Tazi,Samira,samira.tazi1262@etu.uae.ac.ma,Gr_DIP_1
Idrissi,Samira,samira.idrissi1263@etu.uae.ac.ma,Gr_DIP_1
Kettani,Samira,samira.kettani1264@etu.uae.ac.ma,Gr_DIP_1
Amrani,Samira,samira.amrani1265@etu.uae.ac.ma,Gr_DIP_1
Chraibi,Samira,samira.chraibi1266@etu.uae.ac.ma,Gr_DIP_1
Fassi,Samira,samira.fassi1267@etu.uae.ac.ma,Gr_DIP_1
Benjelloun,Samira,samira.benjelloun1268@etu.uae.ac.ma,Gr_DIP_1
Sefrioui,Samira,samira.sefrioui1269@etu.uae.ac.ma,Gr_DIP_1
Badri,Samira,samira.badri1270@etu.uae.ac.ma,Gr_DIP_1
Zahraoui,Samira,samira.zahraoui1271@etu.uae.ac.ma,Gr_DIP_1
Cherkaoui,Samira,samira.cherkaoui1272@etu.uae.ac.ma,Gr_DIP_1
Mansouri,Samira,samira.mansouri1273@etu.uae.ac.ma,Gr_DIP_1
Tounsi,Samira,samira.tounsi1274@etu.uae.ac.ma,Gr_DIP_1
Hajji,Samira,samira.hajji1275@etu.uae.ac.ma,Gr_DIP_1
Lahlou,Samira,samira.lahlou1276@etu.uae.ac.ma,Gr_DIP_2
Bouzidi,Samira,samira.bouzidi1277@etu.uae.ac.ma,Gr_DIP_2
Haddaoui,Samira,samira.haddaoui1278@etu.uae.ac.ma,Gr_DIP_2
Naji,Samira,samira.naji1279@etu.uae.ac.ma,Gr_DIP_2
Moussaoui,Samira,samira.moussaoui1280@etu.uae.ac.ma,Gr_DIP_2
Berrada,Samira,samira.berrada1281@etu.uae.ac.ma,Gr_DIP_2
Filali,Samira,samira.filali1282@etu.uae.ac.ma,Gr_DIP_2
Kadiri,Samira,samira.kadiri1283@etu.uae.ac.ma,Gr_DIP_2
Ouazzani,Samira,samira.ouazzani1284@etu.uae.ac.ma,Gr_DIP_2
Senhaji,Samira,samira.senhaji1285@etu.uae.ac.ma,Gr_DIP_2
Benkirane,Samira,samira.benkirane1286@etu.uae.ac.ma,Gr_DIP_2
Tahiri,Samira,samira.tahiri1287@etu.uae.ac.ma,Gr_DIP_2
Kabbaj,Samira,samira.kabbaj1288@etu.uae.ac.ma,Gr_DIP_2
Bennai,Samira,samira.bennai1289@etu.uae.ac.ma,Gr_DIP_2
Alami,Khalid,khalid.alami1290@etu.uae.ac.ma,Gr_DIP_2
Bennani,Khalid,khalid.bennani1291@etu.uae.ac.ma,Gr_DIP_2
Tazi,Khalid,khalid.tazi1292@etu.uae.ac.ma,Gr_DIP_2
Idrissi,Khalid,khalid.idrissi1293@etu.uae.ac.ma,Gr_DIP_2
Kettani,Khalid,khalid.kettani1294@etu.uae.ac.ma,Gr_DIP_2
Amrani,Khalid,khalid.amrani1295@etu.uae.ac.ma,Gr_DIP_2
Chraibi,Khalid,khalid.chraibi1296@etu.uae.ac.ma,Gr_DIP_2
Fassi,Khalid,khalid.fassi1297@etu.uae.ac.ma,Gr_DIP_2
Benjelloun,Khalid,khalid.benjelloun1298@etu.uae.ac.ma,Gr_DIP_2
Sefrioui,Khalid,khalid.sefrioui1299@etu.uae.ac.ma,Gr_DIP_2
Badri,Khalid,khalid.badri1300@etu.uae.ac.ma,Gr_DIP_2
